,CodCliente,CodigoPostal,Vendedor,Zona,LimiteCredito
0,1,51892,14,30,91815.0
1,2,57000,6,93,15264.0
2,3,16271,2,43,8322.65
3,4,5800,10,1,1.0
4,5,5194,13,32,1.0
5,6,5700,6,93,40000.0
6,7,6221,13,90,1.0
7,8,5811,13,81,1.0
8,9,5817,13,80,68173.2
9,10,5923,16,82,1.0
10,11,5194,13,32,1323.0
11,12,5864,13,32,225937.03
12,13,5813,13,80,20000.0
13,14,5829,2,43,23289.43
14,15,5805,3,50,1.0
15,16,5700,6,93,1.0
16,17,2550,12,55,75550.78
17,18,5801,10,1,1.0
18,19,5870,17,21,2500.0
19,20,5730,7,23,12000.0
20,21,5186,14,30,127423.56
21,22,5854,13,81,15000.0
22,23,5843,2,41,1.0
23,24,5800,3,50,1.0
24,25,5807,16,88,80491.06
25,26,5833,13,80,40000.0
26,27,2650,2,40,6000.0
27,28,5800,10,1,4335.0
28,29,5800,3,50,120088.28
29,30,5850,16,81,138397.91
30,31,5800,3,50,1.0
31,32,15925,16,82,1.0
32,33,2651,2,40,20000.0
33,34,6120,2,42,381683.29
34,35,5700,9,100,0.0
35,36,6132,2,42,493765.46
36,37,5800,3,50,202597.55
37,38,5738,7,23,166909.68
38,39,5870,17,21,40000.0
39,40,5881,2,42,322240.95
40,41,5823,13,81,20000.0
41,42,5730,7,23,77018.0
42,43,5773,2,40,52752.7
43,44,5823,13,81,1.0
44,45,5870,17,21,40000.0
45,46,5900,12,56,50000.0
46,47,5803,2,41,416675.97
47,48,5875,17,19,15000.0
48,49,5800,10,50,6.0
49,50,5800,3,50,7500.0
50,51,5883,2,42,10000.0
51,52,5777,2,40,113742.19
52,53,5750,2,32,9512.35
53,54,5881,2,40,213727.56
54,55,5850,13,81,1.0
55,56,5881,2,42,15000.0
56,57,5759,2,42,15000.0
57,58,5900,12,56,395707.0
58,59,5800,3,51,130000.0
59,60,5850,16,81,2500.0
60,61,5850,16,81,15000.0
61,62,5870,17,21,2500.0
62,63,5915,10,1,48.0
63,64,5889,17,19,40000.0
64,65,5199,13,32,1.0
65,66,5800,3,50,1.0
66,67,5847,2,41,111822.12
67,68,5731,7,23,1.0
68,69,5800,3,51,0.0
69,70,5186,14,30,143217.71
70,71,5700,9,100,0.0
71,72,5730,7,23,437531.43
72,73,5825,10,1,1.0
73,74,5870,17,21,8000.0
74,75,5194,10,1,1.0
75,76,5883,2,40,139404.54
76,77,5800,3,51,5000.0
77,78,5881,2,40,40000.0
78,79,5800,3,50,25643.36
79,80,2681,13,84,1.0
80,81,5800,10,1,13717.0
81,82,5809,16,82,1.0
82,83,5196,13,32,79010.81
83,84,5800,3,50,94815.21
84,85,5120,2,42,826110.21
85,86,5730,7,23,1.0
86,87,5800,3,50,32135.14
87,88,5186,14,30,1.0
88,89,5850,13,81,1.0
89,90,2594,12,55,30000.0
90,91,5800,3,50,1.0
91,92,5700,6,93,53382.04
92,93,5927,16,82,1.0
93,94,5927,16,82,30000.0
94,95,5927,16,82,1548.0
95,96,5800,10,1,3.0
96,97,5800,3,50,216521.62
97,98,5843,2,41,112474.28
98,99,5800,10,50,1.0
99,100,5197,13,32,120000.0
100,101,5800,10,1,1.0
101,102,5730,7,23,1.0
102,103,2800,10,1,1.0
103,104,5800,10,1,1.0
104,105,6311,22,17,213252.24
105,106,2686,2,41,156412.59
106,107,5881,2,40,324263.6
107,108,5000,14,10,77923.37
108,109,5189,13,32,15000.0
109,110,5196,13,32,1.0
110,111,5856,13,32,78866.44
111,112,5194,13,32,200000.0
112,113,6270,10,1,1.0
113,114,5800,3,51,315241.46
114,115,5770,2,40,70253.13
115,116,5933,16,81,15000.0
116,117,5900,12,56,8000.0
117,118,5923,16,82,29921.74
118,119,5889,17,19,30000.0
119,120,5850,16,81,109686.34
120,121,2550,12,55,278913.51
121,122,2677,16,88,10000.0
122,123,5700,6,93,162723.59
123,124,5867,10,1,1.0
124,125,5800,3,50,165127.77
125,126,6128,25,75,63219.0
126,127,5867,17,21,209993.1
127,128,5821,13,80,224901.76
128,129,5800,3,50,22088.07
129,130,5859,13,32,337308.21
130,131,5850,16,81,20000.0
131,132,5700,6,93,2500.0
132,133,5805,3,52,1.0
133,134,5800,3,50,58.0
134,135,2568,12,55,112713.11
135,136,5705,6,93,1.0
136,137,5186,14,30,1.0
137,138,5800,3,50,6000.0
138,139,2594,12,55,1.0
139,140,5800,3,50,153432.91
140,141,5700,6,93,15000.0
141,142,5800,10,1,7940.0
142,143,5800,3,51,5000.0
143,144,5900,12,56,59961.13
144,145,5870,17,21,1.0
145,146,5700,6,93,1.0
146,147,5730,7,23,20000.0
147,148,5921,16,82,121852.35
148,149,5800,10,1,7921.0
149,150,5194,13,32,5414919.73
150,151,15917,16,82,10000.0
151,152,5186,14,30,70000.0
152,153,2651,2,40,10000.0
153,154,5817,13,80,15000.0
154,155,5186,14,30,1.0
155,156,5800,10,1,9959.0
156,157,2580,12,55,46778.31
157,158,5730,7,23,30000.0
158,159,2643,16,84,173435.78
159,160,6239,18,15,189412.16
160,161,5813,13,80,530631.61
161,162,6307,22,17,20000.0
162,163,5701,6,93,51219.0
163,164,5881,2,42,1.0
164,165,5700,9,100,0.0
165,166,5800,13,80,1.0
166,167,6214,13,90,114029.08
167,168,5800,3,1,33859.43
168,169,5870,17,21,100000.0
169,170,6221,13,90,1.0
170,171,5800,3,50,238533.38
171,172,5197,13,32,175516.63
172,173,5850,16,81,182063.67
173,174,5770,2,42,15000.0
174,175,5700,6,93,50000.0
175,176,5800,10,50,0.0
176,177,5700,6,93,1.0
177,178,2670,2,41,10000.0
178,179,5700,6,93,2000.0
179,180,2600,19,98,1.0
180,181,6319,13,91,40000.0
181,182,5891,17,19,480082.12
182,183,5186,14,30,1.0
183,184,5730,7,23,12586.0
184,185,5700,6,93,183965.13
185,186,5800,4,1,371836.0
186,187,5773,2,42,20000.0
187,188,5800,10,50,1.0
188,189,5900,12,56,70000.0
189,190,5800,3,50,10000.0
190,191,6300,13,91,182487.0
191,192,5900,12,56,86856.19
192,193,5847,2,41,67178.96
193,194,5870,17,21,213585.9
194,195,5850,16,81,62020.63
195,196,5850,16,81,40691.63
196,197,6200,13,90,155624.08
197,198,6212,13,90,10000.0
198,199,5854,13,81,160997.18
199,200,5730,7,23,0.0
200,201,5843,2,42,342881.06
201,202,6300,22,16,15000.0
202,203,6360,13,90,35000.0
203,204,5900,12,56,111732.41
204,205,5186,14,30,1.0
205,206,5800,10,1,2808.0
206,207,5194,13,32,100000.0
207,208,5800,3,50,55000.0
208,209,2661,13,84,10000.0
209,210,5870,17,21,5000.0
210,211,5777,2,40,863835.52
211,212,5800,3,50,3000.0
212,213,5770,2,40,139595.21
213,214,5800,10,1,20.0
214,215,5186,14,30,161970.74
215,216,6400,10,1,10913.0
216,217,5809,16,82,113986.38
217,218,5923,16,82,163866.93
218,219,5900,12,56,53742.36
219,220,5800,3,50,678649.02
220,221,5809,16,82,136325.29
221,222,5903,12,56,238652.67
222,223,6300,22,16,7186.0
223,224,5900,12,56,0.0
224,225,6300,22,16,15000.0
225,226,5800,9,100,0.0
226,227,5800,3,50,16000.0
227,228,6300,22,16,10000.0
228,229,15805,16,82,198739.85
229,230,5805,3,52,648705.38
230,231,6300,22,16,1.0
231,232,5843,2,41,20000.0
232,233,5883,2,42,6.0
233,234,5759,2,42,1.0
234,235,5903,12,56,41.0
235,236,5800,10,1,20058.0
236,237,1440,10,1,3855.0
237,238,5194,13,32,305723.0
238,239,5801,13,80,100649.1
239,240,5800,10,50,374.0
240,241,5800,3,50,167906.87
241,242,5833,13,80,12000.0
242,243,5730,7,23,85852.0
243,244,5730,7,23,283745.43
244,245,5800,3,50,3000.0
245,246,6360,13,90,194089.82
246,247,5196,13,32,1.0
247,248,6360,13,90,10000.0
248,249,5800,3,50,42088.33
249,250,5196,13,32,10000.0
250,251,6200,13,90,20000.0
251,252,5900,12,56,120000.0
252,253,5900,12,56,1.0
253,254,5700,6,93,1.0
254,255,5900,12,56,55502.25
255,256,5700,6,93,6000.0
256,257,5186,14,30,1.0
257,258,5700,6,93,35.0
258,259,6385,13,90,1.0
259,260,5800,10,1,0.0
260,261,5900,12,56,10000.0
261,262,5738,7,23,171124.83
262,263,5813,13,80,234467.1
263,264,5805,10,50,1.0
264,265,58073,16,82,20000.0
265,266,5777,2,42,571.0
266,267,5817,13,80,140572.32
267,268,5864,13,32,1.0
268,269,5800,3,50,1.0
269,270,5800,3,51,1.0
270,271,5196,13,32,43237.26
271,272,16271,2,43,1.0
272,273,5900,12,56,32246.67
273,274,5800,3,51,30000.0
274,275,6200,13,90,30000.0
275,276,6273,2,43,2321.0
276,277,6380,13,91,50400.49
277,278,6380,13,91,50000.0
278,279,5870,17,21,2500.0
279,280,6380,13,91,105940.77
280,281,5809,16,82,1.0
281,282,6305,22,17,30000.0
282,283,5903,12,56,5000.0
283,284,5800,10,1,3507.0
284,285,6365,10,91,1.0
285,286,5196,13,32,211032.21
286,287,5862,13,32,76491.89
287,288,5801,13,80,124134.08
288,289,6313,22,17,105777.0
289,290,5188,13,32,1.0
290,291,5800,3,50,15173.09
291,292,5845,2,41,173051.63
292,293,6300,22,16,10000.0
293,294,5864,13,32,1.0
294,295,5859,13,32,229431.76
295,296,5825,10,50,1.0
296,297,5101,14,30,70000.0
297,298,5817,13,80,1.0
298,299,5800,3,50,85347.87
299,300,6360,13,90,30000.0
300,301,5711,6,93,25000.0
301,302,5940,12,55,1.0
302,303,2662,2,41,298191.36
303,304,5800,3,51,10000.0
304,305,5800,10,1,1.0
305,306,6239,18,15,40000.0
306,307,5730,7,1,2479.5
307,308,6239,18,15,65997.46
308,309,5186,14,30,50000.0
309,310,5870,17,21,59622.19
310,311,4301,13,90,104887.31
311,312,5801,13,80,232094.88
312,313,58175,13,80,80000.0
313,314,5800,3,50,38254.0
314,315,6300,22,16,195741.13
315,316,8200,22,17,25000.0
316,317,6300,22,16,31061.0
317,318,6300,22,16,20000.0
318,319,5730,7,23,136327.23
319,320,5700,6,93,1.0
320,321,5730,7,23,1.0
321,322,5848,10,1,105356.0
322,323,5927,16,82,360604.85
323,324,5811,13,80,244084.95
324,325,5800,3,51,298141.92
325,326,2670,2,41,80000.0
326,327,5801,13,80,79543.31
327,328,5903,12,56,125206.8
328,329,5730,7,23,1.0
329,330,5711,6,93,485403.89
330,331,5900,12,56,155371.42
331,332,6380,13,90,15000.0
332,333,5800,9,100,1.0
333,334,6309,22,17,1.0
334,335,5900,12,56,136888.85
335,336,5800,10,50,1.0
336,337,5817,13,80,132485.34
337,338,6387,13,90,50000.0
338,339,5854,13,81,68509.85
339,340,5730,7,23,1.0
340,341,5900,12,56,15818.49
341,342,5903,12,56,30000.0
342,343,8200,22,17,60000.0
343,344,5710,6,93,20000.0
344,345,5813,13,80,1.0
345,346,6200,13,90,200000.0
346,347,57012,6,93,233696.43
347,348,5777,2,40,1.0
348,349,5813,13,80,215360.08
349,350,5984,12,56,400000.0
350,351,5800,3,50,3000.0
351,352,5827,2,43,170708.65
352,353,5800,3,50,1.0
353,354,5800,3,50,1.0
354,355,6140,2,43,859794.47
355,356,6380,13,90,1.0
356,357,5809,16,82,10000.0
357,358,5809,16,82,65000.0
358,359,5809,16,82,87234.31
359,360,5923,16,82,1.0
360,361,5850,16,81,35000.0
361,362,5889,17,19,12000.0
362,363,5900,12,56,1345.0
363,364,5700,6,93,106102.3
364,365,5730,7,23,1.0
365,366,5700,6,93,6000.0
366,367,6319,13,90,279747.88
367,368,6319,13,90,80000.0
368,369,2600,19,98,78219.38
369,370,5800,10,50,23806.0
370,371,5800,10,50,1.0
371,372,2601,25,75,81685.25
372,373,5800,10,50,1521.0
373,374,6239,18,15,23142.0
374,375,5933,16,81,190000.0
375,376,5800,10,50,1.0
376,377,5800,3,50,1.0
377,378,6300,22,16,101214.69
378,379,5881,2,40,380287.93
379,380,6270,2,43,168827.74
380,381,5800,10,50,2.0
381,382,5817,13,80,128437.83
382,383,6125,2,40,1.0
383,384,5900,12,56,1.0
384,385,5800,3,50,1942.0
385,386,5700,6,93,1.0
386,387,5730,7,23,1.0
387,388,5800,15,3,13931.57
388,389,5850,16,81,90000.0
389,390,5933,16,81,483006.37
390,391,16271,2,43,82079.89
391,392,5800,10,50,0.0
392,393,5000,14,10,222035.91
393,394,5800,3,50,118752.58
394,395,5800,9,100,1.0
395,396,5900,12,56,159073.85
396,397,5800,13,80,229226.51
397,398,5800,15,3,5000000.0
398,399,5800,10,1,3197.0
399,400,5000,10,1,1.0
400,401,5801,13,80,37626.75
401,402,5730,7,23,8.0
402,403,5800,3,50,10000.0
403,404,5864,13,32,8000.0
404,405,5196,13,32,138404.62
405,406,5800,3,50,10000.0
406,407,6303,22,17,30000.0
407,408,5800,10,50,234.0
408,409,58832,2,42,1.0
409,410,2580,12,55,536.0
410,411,15925,16,82,15000.0
411,412,5800,3,50,203625.18
412,413,5709,6,93,1.0
413,414,5800,10,3,1.0
414,415,6300,22,16,20000.0
415,416,6387,13,90,132024.0
416,417,5800,10,50,1.0
417,418,5709,6,93,200000.0
418,419,5800,10,1,49903.0
419,420,5805,16,82,120000.0
420,421,5800,3,50,1275.0
421,422,5854,13,81,1.0
422,423,5929,16,82,78970.0
423,424,6387,13,90,20000.0
424,425,5700,6,93,102.0
425,426,5919,16,82,128796.72
426,427,5850,16,81,15000.0
427,428,2651,2,41,267400.34
428,429,2650,2,40,1.0
429,430,6300,22,16,1288.0
430,431,5800,3,50,143045.06
431,432,5900,12,56,266568.99
432,433,5900,12,56,82790.38
433,434,5900,12,56,315113.51
434,435,55071,23,95,1.0
435,436,5700,6,93,1.0
436,437,5829,2,41,46676.8
437,438,57000,6,93,211.0
438,439,5800,3,50,98905.9
439,440,5850,16,81,2706.0
440,441,5850,16,81,15000.0
441,442,5901,16,87,251044.7
442,443,6300,22,16,15000.0
443,444,5900,12,56,28.0
444,445,5800,3,50,14541.0
445,446,5881,2,40,178411.97
446,447,5194,13,32,0.0
447,448,6300,22,16,20000.0
448,449,6200,13,90,50000.0
449,450,5800,10,1,561.0
450,451,5800,3,50,1.0
451,452,5850,16,81,10000.0
452,453,5850,16,81,10983.7
453,454,2650,2,40,100000.0
454,455,5730,7,23,93463.47
455,456,5800,3,50,1.0
456,457,5809,16,82,121041.36
457,458,5847,2,41,20000.0
458,459,5917,16,82,266745.56
459,460,5813,13,80,1.0
460,461,2594,12,55,1.0
461,462,5807,16,88,195690.91
462,463,5800,10,1,27977.0
463,464,5850,16,81,40000.0
464,465,5870,17,21,1.0
465,466,5800,15,3,1.0
466,467,6223,2,40,30000.0
467,468,5800,3,50,31749.2
468,469,5800,3,50,11234.32
469,470,5900,12,56,10000.0
470,471,2594,12,55,20000.0
471,472,2550,12,55,8000.0
472,473,5196,13,32,5000.0
473,474,6307,22,17,30000.0
474,475,6303,22,17,15000.0
475,476,2659,16,84,6000.0
476,477,2550,12,55,98139.26
477,478,2568,12,55,160274.54
478,479,2580,12,55,84109.38
479,480,5862,13,32,27049.23
480,481,5730,7,23,301.0
481,482,5701,6,93,5000.0
482,483,5813,13,80,42112.06
483,484,8200,22,17,30000.0
484,485,5000,10,50,4515.0
485,486,5800,3,50,17000.0
486,487,5196,13,32,71636.0
487,488,5850,16,81,47577.27
488,489,5850,13,81,1.0
489,490,5800,3,50,1.0
490,491,5123,14,10,83811.16
491,492,5821,10,1,1.0
492,493,5189,13,32,10662.0
493,494,5196,13,32,10000.0
494,495,5196,13,32,196880.12
495,496,58833,2,42,10327.0
496,497,5800,3,50,57885.64
497,498,5730,7,23,1.0
498,499,15194,13,32,152862.82
499,500,5738,7,23,375518.5
500,501,5000,14,10,179610.8
501,502,5800,10,1,6171.0
502,503,5800,10,1,9217.0
503,504,5825,3,50,10000.0
504,505,85010,17,21,188640.88
505,506,5800,3,50,244679.28
506,507,5800,10,1,5128.0
507,508,5900,12,56,1.0
508,509,5870,17,21,308462.64
509,510,5871,17,21,43489.36
510,511,5186,14,30,1.0
511,512,5800,10,1,1.0
512,513,5800,3,50,35388.36
513,514,57000,6,93,1.0
514,515,5800,3,51,1.0
515,516,5800,3,50,1.0
516,517,5800,10,1,8259.0
517,518,5850,16,81,1.0
518,519,5189,14,30,20742.0
519,520,5800,10,1,9.0
520,521,6300,22,16,10000.0
521,522,6300,22,16,50000.0
522,523,5833,2,40,273684.41
523,524,5800,3,50,79494.82
524,525,58831,2,40,173694.14
525,526,5800,3,50,69693.6
526,527,5805,10,50,86.0
527,528,2670,2,41,195275.9
528,529,5196,13,32,1.0
529,530,6300,22,16,50000.0
530,531,5881,2,42,42905.87
531,532,5800,10,1,2.0
532,533,5800,10,1,417.0
533,534,5196,13,32,1.0
534,535,5800,3,50,20605.67
535,536,5862,13,32,60000.0
536,537,5800,3,50,93939.0
537,538,5186,14,30,511677.91
538,539,5800,10,50,5725.0
539,540,5700,6,93,7000.0
540,541,2650,2,40,1.0
541,542,5817,13,80,1.0
542,543,5196,13,32,70000.0
543,544,5800,3,50,1.0
544,545,5800,3,1,16040.0
545,546,5856,13,32,51845.87
546,547,5730,7,23,1.0
547,548,5700,6,93,108217.29
548,549,5196,13,32,1392317.37
549,550,5800,10,50,1.0
550,551,2627,16,84,1.0
551,552,5800,10,50,1.0
552,553,5194,13,32,727.0
553,554,5850,16,81,60000.0
554,555,5700,6,93,8925.0
555,556,5870,17,21,86686.66
556,557,5700,10,1,30.0
557,558,5730,7,23,1.0
558,559,5805,3,52,7000.0
559,560,5800,3,50,218707.64
560,561,5800,10,50,120.0
561,562,5833,2,40,100000.0
562,563,57012,6,93,5000.0
563,564,5917,16,82,3304.0
564,565,5800,3,51,123186.73
565,566,2218,23,95,191938.83
566,567,5800,10,50,1.0
567,568,5800,3,50,277711.79
568,569,5777,2,42,20000.0
569,570,5800,3,50,80752.69
570,571,5539,23,95,14111.98
571,572,5531,23,95,18000.0
572,573,5531,23,95,25000.0
573,574,5577,23,95,55144.23
574,575,5800,10,50,3393.0
575,576,5800,3,50,1.0
576,577,6273,2,43,897747.64
577,578,5519,23,95,1.0
578,579,5800,3,50,7151.0
579,580,5933,16,81,213814.44
580,581,5800,3,50,1.0
581,582,5196,13,32,41.0
582,583,5700,6,93,1.0
583,584,5870,17,21,261637.57
584,585,2679,16,88,164238.33
585,586,15525,23,95,1.0
586,587,5850,16,81,288966.99
587,588,5800,10,50,1310.0
588,589,5244,17,21,5000.0
589,590,5800,3,50,50000.0
590,591,5800,10,50,23091.0
591,592,5539,23,95,97129.7
592,593,5777,2,42,285104.03
593,594,5570,23,95,1.0
594,595,5543,23,95,1.0
595,596,5570,23,95,1.0
596,597,5533,23,95,26482.0
597,598,5823,13,81,399142.18
598,599,5525,23,95,1.0
599,600,5509,23,95,539.0
600,601,5507,23,95,1.0
601,602,5700,6,93,20000.0
602,603,5730,7,23,106483.41
603,604,5561,23,95,50000.0
604,605,5570,23,95,1.0
605,606,5521,23,95,6512.0
606,607,57000,6,93,5000.0
607,608,5196,13,32,56106.0
608,609,5800,3,50,1.0
609,610,5800,10,50,778.0
610,611,5570,23,95,185.0
611,612,8200,22,17,20000.0
612,613,57012,6,93,50000.0
613,614,1852,10,1,23639.0
614,615,58833,2,40,68392.99
615,616,63011,22,17,69786.0
616,617,6300,22,16,50358.69
617,618,5801,13,80,995196.92
618,619,6273,2,43,494767.36
619,620,5186,14,30,73.0
620,621,5400,8,96,286393.0
621,622,5800,3,51,1444696.47
622,623,5800,3,50,8000.0
623,624,5759,2,42,0.0
624,625,5800,3,50,73957.04
625,626,5800,3,50,15461.0
626,627,5800,10,50,1021.0
627,628,5592,23,95,20.0
628,629,5800,10,50,1138.0
629,630,5800,3,50,1.0
630,631,6200,13,90,20000.0
631,632,2651,2,41,141240.15
632,633,6101,2,40,1.0
633,634,6387,13,90,10000.0
634,635,2679,16,84,20000.0
635,636,5582,23,95,1.0
636,637,5596,23,95,1.0
637,638,6132,2,42,246791.75
638,639,5864,13,32,1.0
639,640,5848,2,41,414512.04
640,641,5800,9,100,75156.0
641,642,5800,10,50,35000.0
642,643,5800,10,1,5349.0
643,644,58891,17,19,2670.0
644,645,5730,7,23,1.0
645,646,5710,6,93,7500.0
646,647,5800,10,1,1.0
647,648,5509,23,95,1.0
648,649,5800,15,3,2059000.0
649,650,5800,3,50,1766.0
650,651,6333,13,91,157289.57
651,652,5870,17,21,3602.0
652,653,5500,23,95,1.0
653,654,5800,15,3,6934.05
654,655,2670,2,41,1.0
655,656,5800,3,50,1.0
656,657,6387,13,90,399645.52
657,658,6205,13,90,20000.0
658,659,5870,17,21,10000.0
659,660,5700,6,93,108965.71
660,661,2650,2,41,121565.1
661,662,5730,7,23,120950.3
662,663,2686,2,41,1.0
663,664,6319,13,91,20000.0
664,665,5800,3,50,44586.11
665,666,5519,23,95,1.0
666,667,5730,7,23,533318.7
667,668,5847,2,41,40000.0
668,669,58833,2,42,30000.0
669,670,5800,9,100,1.0
670,671,5900,12,56,8000.0
671,672,5900,12,56,159985.98
672,673,51941,13,32,201529.77
673,674,5539,23,95,1.0
674,675,5800,10,1,1.0
675,676,5196,13,32,1.0
676,677,5800,3,50,1.0
677,678,5700,6,93,140562.74
678,679,6125,2,43,150000.0
679,680,5700,6,93,500000.0
680,681,5120,2,40,10.0
681,682,5700,6,93,1.0
682,683,5800,3,50,1.0
683,684,2600,19,98,1.0
684,685,5800,10,1,3171.0
685,686,5800,10,1,2531.0
686,687,5800,3,51,151480.88
687,688,25519,23,95,2354.0
688,689,5870,17,21,9500.0
689,690,5700,9,100,0.0
690,691,5800,10,1,1564.0
691,692,58791,17,19,2730.0
692,693,5800,10,1,1.0
693,694,2662,2,40,947.0
694,695,5700,6,93,179826.54
695,696,5813,9,100,87138.0
696,697,5800,2,43,10000.0
697,698,6125,2,40,0.0
698,699,6300,22,16,380000.0
699,700,5800,10,1,1.0
700,701,6307,22,17,20000.0
701,702,5800,3,51,25000.0
702,703,5519,6,93,670.0
703,704,5168,13,32,1499.0
704,705,5174,14,30,2288.0
705,706,5984,12,56,1.0
706,707,5186,14,30,1.0
707,708,5700,9,100,2.0
708,709,5800,9,100,314849.0
709,710,5582,23,95,1.0
710,711,5800,10,1,6412.0
711,712,5800,10,1,3364.0
712,713,5800,3,50,1.0
713,714,5700,6,93,382692.24
714,715,5730,7,23,15103.0
715,716,2651,2,41,265190.43
716,717,2650,2,40,60000.0
717,718,5800,10,50,1.0
718,719,5730,7,23,972229.05
719,720,6213,13,90,142640.68
720,721,6125,2,43,264998.34
721,722,5700,6,93,2399.0
722,723,5984,12,56,1.0
723,724,5800,3,50,1.0
724,725,5843,2,42,57593.32
725,726,2550,12,55,5000.0
726,727,6309,22,17,104029.38
727,728,5936,12,57,334640.76
728,729,5870,17,21,9071.0
729,730,5847,2,41,28584.48
730,731,5800,3,50,111238.52
731,732,5755,6,93,398897.09
732,733,5730,7,23,56745.5
733,734,5700,6,93,61618.16
734,735,61281,2,40,6009.0
735,736,5700,6,93,1.0
736,737,57012,6,93,185719.7
737,738,5800,3,50,492389.11
738,739,6100,19,99,165429.75
739,740,5196,13,32,35000.0
740,741,5711,6,93,8000.0
741,742,5730,7,23,180000.0
742,743,6271,2,43,42.0
743,744,5850,16,81,55000.0
744,745,2580,12,55,3798.0
745,746,5923,16,82,486612.9
746,747,5730,7,23,200000.0
747,748,5867,17,21,242110.14
748,749,5800,10,40,0.0
749,750,6300,22,16,210081.21
750,751,2645,13,84,1.0
751,752,5800,3,50,6253.0
752,753,6300,22,16,20000.0
753,754,5903,12,56,30000.0
754,755,5800,3,50,191750.27
755,756,5881,9,100,95088.0
756,757,1427,9,100,0.0
757,758,6300,22,16,1.0
758,759,5800,3,50,1.0
759,760,5900,12,56,0.0
760,761,51891,13,32,16.0
761,762,5800,10,1,1637.0
762,763,2580,12,55,138589.7
763,764,2580,12,55,297602.52
764,765,5900,12,56,31071.79
765,766,5900,10,1,1894.0
766,767,5862,13,32,0.0
767,768,5196,13,32,12000.0
768,769,6207,13,90,28518.83
769,770,6300,22,16,65293.74
770,771,5903,12,56,3093.0
771,772,5700,6,93,50000.0
772,773,5800,3,50,141667.25
773,774,5900,12,56,38421.0
774,775,5800,10,1,454.0
775,776,5900,12,56,160000.0
776,777,5900,12,56,125156.5
777,778,2580,12,55,332.0
778,779,5001,14,30,10000.0
779,780,5800,3,50,15000.0
780,781,5881,9,100,290559.0
781,782,6270,2,41,2.0
782,783,5825,10,1,1.0
783,784,5800,10,50,1.0
784,785,5843,2,42,400878.04
785,786,5700,6,93,25000.0
786,787,5841,2,41,8107.0
787,788,6121,2,41,50000.0
788,789,5197,13,32,55693.11
789,790,5800,3,50,1.0
790,791,5800,3,50,9843.1
791,792,5903,12,56,20000.0
792,793,5843,2,42,49247.64
793,794,6360,13,90,3658.0
794,795,2550,12,55,375964.27
795,796,6272,2,40,50000.0
796,797,5813,9,100,95169.0
797,798,5166,13,32,0.0
798,799,58832,2,40,281380.98
799,800,5891,17,19,5000.0
800,801,58851,17,21,30000.0
801,802,5701,6,93,10000.0
802,803,5900,12,56,2703.0
803,804,5800,3,51,1.0
804,805,5856,13,32,6742.0
805,806,5700,6,93,17286.0
806,807,5700,6,93,2422.0
807,808,5800,10,1,37158.0
808,809,5980,12,57,1.0
809,810,5800,10,1,520821.0
810,811,5800,3,50,1.0
811,812,5186,14,30,21029.06
812,813,5960,10,50,1481.0
813,814,5800,10,50,9111.0
814,815,2550,12,55,254138.4
815,816,5016,14,10,1.0
816,817,5753,10,1,137516.0
817,818,5800,10,50,466.0
818,819,5800,10,50,3.0
819,820,5194,13,32,5000.0
820,821,6275,2,43,68708.4
821,822,5800,10,50,6813.0
822,823,5870,17,21,189449.19
823,824,5883,2,42,6.0
824,825,3360,2,42,1.0
825,826,5700,6,93,1.0
826,827,2600,19,98,100519.55
827,828,15805,16,82,526299.27
828,829,5841,2,42,270852.46
829,830,5730,7,23,251226.95
830,831,5900,12,56,155944.53
831,832,5189,14,30,949.0
832,833,5856,13,32,20000.0
833,834,5843,2,42,75932.29
834,835,6221,13,90,445863.57
835,836,5800,16,82,50000.0
836,837,16271,2,43,8423.0
837,838,5164,13,32,0.0
838,839,5800,10,50,451.0
839,840,5000,14,10,98654.6
840,841,5856,13,32,222.0
841,842,5799,6,93,2500.0
842,843,5800,3,50,11925.27
843,844,5389,14,30,3307.0
844,845,5859,13,32,5000.0
845,846,5800,3,50,24705.76
846,847,5864,13,32,10000.0
847,848,5223,14,10,3177.0
848,849,6360,13,90,33351.45
849,850,5800,3,51,3000.0
850,851,5800,3,50,233344.89
851,852,5903,12,56,359804.96
852,853,5871,17,21,40000.0
853,854,5101,14,30,15000.0
854,855,5800,10,50,3317.0
855,856,5730,7,23,271642.15
856,857,5800,10,50,877.0
857,858,5823,13,81,71945.45
858,859,5500,23,95,1774.0
859,860,5164,14,31,6000.0
860,861,5800,3,50,2069.0
861,862,5186,14,30,2605.0
862,863,6450,18,15,28870.66
863,864,5805,3,52,228703.86
864,865,15805,16,82,1.0
865,866,5186,14,30,1053.0
866,867,5800,3,50,1.0
867,868,5700,9,100,458820.0
868,869,5700,9,100,651186.0
869,870,5800,10,1,1.0
870,871,5800,10,50,6.0
871,872,5800,15,3,12145.8
872,873,5889,17,19,10000.0
873,874,5870,17,21,14501.47
874,875,5900,12,56,561.0
875,876,5800,10,50,3.0
876,877,6140,2,43,11869.0
877,878,5800,3,50,50000.0
878,879,5700,6,93,30000.0
879,880,5809,16,82,1.0
880,881,5000,14,10,20000.0
881,882,5152,13,32,1009.0
882,883,5152,14,11,1.0
883,884,5881,2,42,1.0
884,885,5186,13,32,1.0
885,886,5800,3,50,130573.47
886,887,5800,3,50,183930.51
887,888,5903,10,1,110172.0
888,889,5980,12,57,24292.0
889,890,5120,2,40,1759.0
890,891,2307,13,32,150000.0
891,892,5730,10,1,1.0
892,893,5730,7,23,33.0
893,894,5800,3,50,47451.25
894,895,5800,3,50,25830.51
895,896,5196,13,32,10000.0
896,897,5705,6,93,5000.0
897,898,5101,14,30,20000.0
898,899,5900,12,56,117326.14
899,900,5800,3,50,302423.45
900,901,5984,12,55,1.0
901,902,5000,14,10,60588.16
902,903,5000,14,10,106365.84
903,904,5186,14,30,217969.15
904,905,5800,10,50,6515.0
905,906,5900,12,56,1.0
906,907,5700,6,93,1318.0
907,908,5730,7,23,3918.0
908,909,5800,3,50,57295.44
909,910,5800,3,52,182718.46
910,911,5800,3,50,132320.27
911,912,5800,3,50,50000.0
912,913,5700,6,93,7016.0
913,914,5000,14,10,62744.0
914,915,5800,10,1,22.0
915,916,5800,10,50,52089.0
916,917,5700,10,1,787.0
917,918,5923,16,82,109330.82
918,919,5900,12,56,5000.0
919,920,5800,3,50,1.0
920,921,6140,2,43,90000.0
921,922,6270,2,43,5000.0
922,923,5800,10,50,1.0
923,924,5850,16,80,10000.0
924,925,5870,17,21,91154.42
925,926,2568,12,55,50000.0
926,927,5730,7,23,124447.95
927,928,5813,9,100,33992.0
928,929,5923,16,82,24586.47
929,930,6311,22,17,10074.0
930,931,5805,3,52,54599.84
931,932,2670,2,41,1266.0
932,933,5903,12,56,70914.35
933,934,2650,2,40,1.0
934,935,5700,6,93,97066.77
935,936,5196,13,32,4000.0
936,937,2568,12,55,15000.0
937,938,5800,3,50,72001.38
938,939,5186,14,30,117103.35
939,940,5196,13,32,110395.03
940,941,5856,13,32,30000.0
941,942,5700,6,93,1441.0
942,943,5800,10,1,893.0
943,944,5700,6,93,15000.0
944,945,5800,3,50,1.0
945,946,5000,14,10,70000.0
946,947,5805,3,52,107201.62
947,948,5800,10,50,494.0
948,949,5800,3,50,2000.0
949,950,5196,13,32,181561.64
950,951,15805,16,82,261694.39
951,952,5730,7,23,5095.0
952,953,6303,22,17,0.0
953,954,5929,13,81,1.0
954,955,5800,3,50,1.0
955,956,5800,10,50,268.0
956,957,5194,13,32,70000.0
957,958,5730,7,23,2500.0
958,959,5800,3,50,101408.0
959,960,5870,17,21,422659.0
960,961,5800,10,50,12644.0
961,962,5850,16,81,10000.0
962,963,6132,2,42,149182.35
963,964,6140,2,43,20000.0
964,965,5186,14,30,30908.35
965,966,5823,13,81,80000.0
966,967,5850,16,81,80000.0
967,968,6273,2,43,80545.58
968,969,5881,2,42,1.0
969,970,5936,12,57,5000.0
970,971,5870,17,21,200000.0
971,972,5815,13,1,15000.0
972,973,5900,12,56,50000.0
973,974,5800,3,50,1.0
974,975,6300,22,16,15000.0
975,976,5800,10,1,0.0
976,977,5881,9,100,1.0
977,978,5817,13,80,82660.14
978,979,5923,16,82,10000.0
979,980,5800,10,1,339.0
980,981,5194,13,32,372.0
981,982,2550,12,55,15000.0
982,983,5929,13,81,5798.0
983,984,2681,16,84,1.0
984,985,5189,13,32,5000.0
985,986,5800,3,50,1.0
986,987,5864,13,32,1.0
987,988,5864,13,32,10000.0
988,989,5800,3,51,50939.36
989,990,5800,10,1,11006.0
990,991,5730,7,23,404343.85
991,992,5800,3,50,6000.0
992,993,5700,6,93,20000.0
993,994,5800,3,50,300241.56
994,995,5800,10,1,7281.0
995,996,5186,14,30,20000.0
996,997,5800,3,50,1204.0
997,998,5809,13,1,50000.0
998,999,5730,7,23,8000.0
999,1000,5800,3,50,10000.0
1000,1001,5710,6,93,216023.97
1001,1002,5800,10,1,4947.0
1002,1003,5875,17,19,1.0
1003,1004,5800,10,50,213.0
1004,1005,5000,14,10,187798.97
1005,1006,5815,13,80,293670.88
1006,1007,5700,6,93,38852.06
1007,1008,6300,22,16,51866.1
1008,1009,2677,16,88,47294.3
1009,1010,5738,7,23,85884.37
1010,1011,5986,12,57,145258.43
1011,1012,5800,10,50,0.0
1012,1013,5730,7,23,125069.85
1013,1014,5881,2,40,283170.87
1014,1015,5197,13,32,20000.0
1015,1016,5800,3,50,1.0
1016,1017,5705,6,93,84502.13
1017,1018,5730,7,23,15994.0
1018,1019,5903,12,56,1.0
1019,1020,5807,10,1,96.0
1020,1021,6205,13,90,30000.0
1021,1022,6216,7,23,1.0
1022,1023,5900,12,56,105587.17
1023,1024,5770,2,40,505969.0
1024,1025,5807,16,84,15000.0
1025,1026,6216,7,23,1.0
1026,1027,5196,13,32,35000.0
1027,1028,5800,3,50,10000.0
1028,1029,5909,12,56,154275.54
1029,1030,5923,16,82,11175.0
1030,1031,58851,17,21,438483.36
1031,1032,5730,7,23,1.0
1032,1033,5730,7,23,1.0
1033,1034,5800,10,1,1770.0
1034,1035,5903,12,56,149269.13
1035,1036,5900,12,56,20000.0
1036,1037,5974,12,56,242930.88
1037,1038,5730,7,23,151656.65
1038,1039,5800,9,1,0.0
1039,1040,5805,3,52,1.0
1040,1041,5800,3,50,1.0
1041,1042,5800,3,51,222002.08
1042,1043,5017,14,10,40000.0
1043,1044,5800,3,50,71082.63
1044,1045,5750,9,100,0.0
1045,1046,5800,3,51,11345.83
1046,1047,5730,7,23,1.0
1047,1048,6275,2,43,20000.0
1048,1049,6120,2,40,1.0
1049,1050,5000,14,10,40313.27
1050,1051,5862,13,32,1.0
1051,1052,5800,15,51,729270.3
1052,1053,5700,9,100,0.0
1053,1054,5700,9,100,0.0
1054,1055,5730,7,23,1.0
1055,1056,2659,16,84,208696.55
1056,1057,5700,6,93,1.0
1057,1058,5800,3,50,1.0
1058,1059,5000,14,10,10000.0
1059,1060,5900,12,56,239177.1
1060,1061,5101,14,30,234129.9
1061,1062,5196,13,32,50000.0
1062,1063,5800,3,50,1.0
1063,1064,6311,22,17,95809.0
1064,1065,5000,10,1,362.0
1065,1066,6132,2,42,117890.48
1066,1067,5700,6,93,100000.0
1067,1068,5700,6,93,203538.37
1068,1069,2550,12,55,162238.91
1069,1070,5700,6,93,1.0
1070,1071,5700,10,50,0.0
1071,1072,5730,7,23,758215.05
1072,1073,5800,10,50,0.0
1073,1074,5817,13,80,101214.24
1074,1075,5862,13,32,502278.73
1075,1076,5800,3,51,853032.99
1076,1077,16271,2,43,687409.78
1077,1078,5700,9,100,0.0
1078,1079,5730,7,23,260561.25
1079,1080,5730,7,23,52520.2
1080,1081,5800,9,100,0.0
1081,1082,5800,3,50,10000.0
1082,1083,5900,12,56,1.0
1083,1084,5700,6,93,50000.0
1084,1085,5730,7,23,63880.47
1085,1086,5730,7,23,1.0
1086,1087,5800,3,50,1.0
1087,1088,2686,2,41,214876.88
1088,1089,5800,3,50,1.0
1089,1090,58751,17,19,1.0
1090,1091,58751,17,19,58987.82
1091,1092,6317,13,90,15000.0
1092,1093,2679,16,88,110503.64
1093,1094,5012,14,10,1.0
1094,1095,5105,14,10,1.0
1095,1096,5000,14,10,30373.01
1096,1097,2572,12,55,100000.0
1097,1098,2000,10,1,1.0
1098,1099,58642,13,32,173425.48
1099,1100,5800,10,1,1.0
1100,1101,2600,19,98,1.0
1101,1102,5000,14,10,30000.0
1102,1103,5016,14,10,787162.0
1103,1104,5730,7,23,364763.52
1104,1105,5903,12,56,52335.05
1105,1106,5189,14,10,92099.33
1106,1107,5875,17,19,1.0
1107,1108,6121,2,42,471113.2
1108,1109,2568,12,55,20000.0
1109,1110,5900,12,56,1.0
1110,1111,5000,14,10,70376.5
1111,1112,5014,14,10,10000.0
1112,1113,5700,6,93,1.0
1113,1114,5800,10,1,1.0
1114,1115,2670,2,41,3332.0
1115,1116,58751,17,19,38410.57
1116,1117,5000,14,10,90785.37
1117,1118,5196,13,32,1.0
1118,1119,5917,16,82,20000.0
1119,1120,5730,7,23,1.0
1120,1121,5730,7,23,80581.4
1121,1122,2572,12,55,1.0
1122,1123,6212,13,90,15000.0
1123,1124,5000,14,10,78358.2
1124,1125,5000,14,10,30000.0
1125,1126,5923,16,82,25000.0
1126,1127,5800,10,1,1.0
1127,1128,5850,16,81,92935.43
1128,1129,6380,13,91,1.0
1129,1130,5000,14,10,299096.2
1130,1131,6380,13,91,20000.0
1131,1132,5800,10,1,14829.0
1132,1133,5000,14,10,45941.22
1133,1134,5827,10,1,55.0
1134,1135,5730,7,23,65320.29
1135,1136,5936,12,57,40000.0
1136,1137,5000,14,10,10000.0
1137,1138,5000,14,10,1.0
1138,1139,5843,10,50,50553.0
1139,1140,6360,13,90,1.0
1140,1141,5000,14,10,20000.0
1141,1142,6125,2,43,214150.4
1142,1143,6120,2,42,83823.36
1143,1144,6120,2,42,655435.48
1144,1145,5841,2,42,183760.19
1145,1146,5000,14,10,122436.41
1146,1147,6271,10,1,1.0
1147,1148,5700,6,93,1.0
1148,1149,5700,6,93,199186.54
1149,1150,5829,2,43,210408.7
1150,1151,5700,6,93,310882.0
1151,1152,5700,6,93,1.0
1152,1153,5000,14,10,15000.0
1153,1154,5853,13,81,1.0
1154,1155,5000,14,10,113225.87
1155,1156,5000,14,10,30000.0
1156,1157,5800,3,50,37913.7
1157,1158,5847,10,41,1.0
1158,1159,5974,12,57,1.0
1159,1160,5829,2,41,15000.0
1160,1161,5731,7,23,380497.26
1161,1162,5000,14,10,10000.0
1162,1163,5730,7,23,1.0
1163,1164,5805,13,80,173324.01
1164,1165,5900,12,56,1.0
1165,1166,2670,2,41,120564.61
1166,1167,5700,6,93,1.0
1167,1168,5000,14,10,1.0
1168,1169,5000,14,10,150000.0
1169,1170,5800,3,50,451205.93
1170,1171,5825,10,50,1.0
1171,1172,6200,13,90,300000.0
1172,1173,5800,3,50,47862.14
1173,1174,5984,12,56,1.0
1174,1175,5730,7,23,1.0
1175,1176,5800,10,1,25954.0
1176,1177,5900,12,56,84783.31
1177,1178,5903,12,56,69761.97
1178,1179,6313,22,17,48790.12
1179,1180,6127,2,40,67.0
1180,1181,5900,12,56,30000.0
1181,1182,2650,2,41,290315.08
1182,1183,5000,14,10,61993.88
1183,1184,5856,10,1,1.0
1184,1185,5813,13,80,1.0
1185,1186,5917,16,82,90000.0
1186,1187,6120,2,40,1.0
1187,1188,5000,14,10,70000.0
1188,1189,5800,3,50,3000.0
1189,1190,2657,16,84,1.0
1190,1191,5800,3,51,10000.0
1191,1192,5730,7,23,1.0
1192,1193,5730,7,23,1.0
1193,1194,6387,13,90,162176.35
1194,1195,5800,15,3,18784.26
1195,1196,5001,14,10,30000.0
1196,1197,5000,14,10,20000.0
1197,1198,5700,6,93,120000.0
1198,1199,5013,14,10,461770.24
1199,1200,5186,14,30,1.0
1200,1201,2550,12,56,158572.2
1201,1202,4301,13,90,317715.08
1202,1203,5000,14,10,17631.43
1203,1204,5965,12,57,68927.24
1204,1205,5700,6,93,150000.0
1205,1206,2580,12,55,20000.0
1206,1207,2601,25,75,1.0
1207,1208,5013,14,10,10000.0
1208,1209,6120,2,40,0.0
1209,1210,5016,14,10,87043.79
1210,1211,5000,14,10,117734.39
1211,1212,5001,14,10,1.0
1212,1213,5000,14,10,79229.38
1213,1214,5800,10,50,0.0
1214,1215,5730,7,23,0.0
1215,1216,5186,14,30,160329.03
1216,1217,5850,16,81,1.0
1217,1218,5883,2,40,194009.61
1218,1219,5000,14,10,15000.0
1219,1220,5900,12,56,192387.57
1220,1221,6277,7,24,17541.0
1221,1222,4155,12,57,54061.48
1222,1223,5800,3,50,155979.48
1223,1224,5800,3,50,1.0
1224,1225,4155,12,57,150000.0
1225,1226,5972,14,31,1.0
1226,1227,5730,7,23,122577.93
1227,1228,5001,14,33,132808.62
1228,1229,5856,13,32,116555.96
1229,1230,5800,9,100,0.0
1230,1231,5800,3,50,27562.13
1231,1232,5017,14,10,60000.0
1232,1233,6275,2,43,64039.72
1233,1234,5900,12,56,1.0
1234,1235,5012,14,10,353429.21
1235,1236,6271,2,43,125634.73
1236,1237,5800,10,1,1.0
1237,1238,5701,6,93,1.0
1238,1239,5000,14,10,50000.0
1239,1240,5800,3,50,1.0
1240,1241,5833,2,40,226326.13
1241,1242,5809,16,82,1.0
1242,1243,2550,12,55,40000.0
1243,1244,5016,14,10,6000.0
1244,1245,5900,12,56,80000.0
1245,1246,6241,2,40,570324.36
1246,1247,5800,10,1,1.0
1247,1248,6221,13,90,227574.95
1248,1249,5800,3,50,152460.52
1249,1250,5825,3,50,141579.87
1250,1251,58071,16,88,734319.3
1251,1252,5800,3,50,23357.96
1252,1253,5400,8,96,116131.72
1253,1254,5800,3,50,25000.0
1254,1255,5870,17,21,20000.0
1255,1256,5800,3,50,29106.0
1256,1257,5800,3,50,1.0
1257,1258,5800,10,50,12436.0
1258,1259,6223,2,43,1.0
1259,1260,5800,3,50,1.0
1260,1261,5000,14,10,30000.0
1261,1262,6100,2,40,1.0
1262,1263,5800,9,100,0.0
1263,1264,5900,12,56,185315.6
1264,1265,5400,8,96,1.0
1265,1266,5400,8,96,1.0
1266,1267,5000,14,10,86219.9
1267,1268,5413,8,97,64552.0
1268,1269,5800,3,50,23566.12
1269,1270,5006,14,10,410659.02
1270,1271,5413,8,97,81590.78
1271,1272,5864,13,32,30000.0
1272,1273,5423,8,97,600000.0
1273,1274,5400,8,96,208221.0
1274,1275,5411,8,97,198551.0
1275,1276,15805,16,82,80994.67
1276,1277,2671,16,88,50000.0
1277,1278,5012,14,10,171810.18
1278,1279,5406,8,97,110578.83
1279,1280,5413,8,97,141281.48
1280,1281,5800,3,50,0.0
1281,1282,5411,8,97,68382.47
1282,1283,5800,10,1,5.0
1283,1284,5413,8,97,27203.15
1284,1285,5413,8,97,29990.18
1285,1286,5400,8,96,6103.0
1286,1287,5411,8,97,50712.59
1287,1288,5411,8,97,128613.23
1288,1289,5423,8,97,34359.82
1289,1290,5800,3,50,60000.0
1290,1291,5413,8,97,10054.85
1291,1292,5400,8,96,0.0
1292,1293,5800,10,1,149.0
1293,1294,5730,7,23,49565.9
1294,1295,5900,12,56,213512.14
1295,1296,5800,13,80,150528.59
1296,1297,5800,3,50,1.0
1297,1298,5800,10,50,2058.0
1298,1299,5800,10,1,0.0
1299,1300,5800,3,50,128324.2
1300,1301,5900,12,56,1.0
1301,1302,6300,22,16,234330.01
1302,1303,2650,2,41,262355.25
1303,1304,5400,8,96,37440.22
1304,1305,5500,10,96,1.0
1305,1306,5870,17,21,141332.93
1306,1307,5423,8,97,1.0
1307,1308,5425,8,97,85465.24
1308,1309,5425,8,97,170000.0
1309,1310,5425,8,97,50000.0
1310,1311,6225,2,43,20000.0
1311,1312,5847,2,41,665968.16
1312,1313,5807,16,84,1.0
1313,1314,5800,10,50,1.0
1314,1315,5014,14,10,1.0
1315,1316,5800,10,50,30279.0
1316,1317,5400,8,96,350595.0
1317,1318,5000,14,10,40000.0
1318,1319,5800,3,51,68611.45
1319,1320,5850,16,81,358286.22
1320,1321,5800,3,50,1.0
1321,1322,5423,8,97,76933.03
1322,1323,5700,6,93,12000.0
1323,1324,5800,3,50,176082.8
1324,1325,5738,7,23,22780.62
1325,1326,5900,12,56,79477.76
1326,1327,5400,8,96,100000.0
1327,1328,5442,8,97,260735.58
1328,1329,5800,10,1,1220.0
1329,1330,5442,8,97,1.0
1330,1331,6100,25,75,31467.29
1331,1332,5423,8,97,30000.0
1332,1333,5881,2,40,350404.43
1333,1334,5413,8,97,59498.0
1334,1335,5009,14,10,179977.79
1335,1336,5423,8,97,117316.68
1336,1337,5730,7,23,4110.0
1337,1338,6100,19,99,249937.37
1338,1339,5400,8,96,20000.0
1339,1340,5009,14,10,100000.0
1340,1341,5423,8,97,50000.0
1341,1342,5900,12,56,13031.39
1342,1343,5186,14,30,63873.0
1343,1344,5903,12,56,174969.4
1344,1345,2624,16,84,80000.0
1345,1346,5700,10,50,21252.0
1346,1347,5413,8,97,1.0
1347,1348,5800,13,80,116922.32
1348,1349,5800,3,50,192304.12
1349,1350,5900,12,56,1.0
1350,1351,5423,8,97,1.0
1351,1352,5800,10,1,1.0
1352,1353,5413,8,97,46079.81
1353,1354,5730,7,23,41712.05
1354,1355,5411,8,97,91915.85
1355,1356,2624,16,84,1.0
1356,1357,5400,8,97,1.0
1357,1358,15435,8,97,175056.11
1358,1359,5700,6,93,50000.0
1359,1360,5016,14,10,1.0
1360,1361,5870,17,21,65000.0
1361,1362,5400,8,97,200000.0
1362,1363,5423,8,97,150000.0
1363,1364,5800,3,50,56684.12
1364,1365,5903,12,56,276768.2
1365,1366,5442,8,97,150000.0
1366,1367,5427,8,97,307386.23
1367,1368,5427,8,97,119799.0
1368,1369,5800,3,50,1.0
1369,1370,5425,8,97,252559.9
1370,1371,5800,9,100,0.0
1371,1372,6100,25,75,141654.69
1372,1373,5800,10,50,8000.0
1373,1374,5411,8,97,1.0
1374,1375,5800,10,1,1.0
1375,1376,6200,13,90,30000.0
1376,1377,5813,13,80,281174.99
1377,1378,5435,8,97,153582.73
1378,1379,5435,8,97,100000.0
1379,1380,5401,8,97,1.0
1380,1381,12643,16,84,98016.73
1381,1382,5843,2,42,157713.34
1382,1383,5805,3,52,252010.64
1383,1384,5800,3,51,42606.45
1384,1385,5009,14,10,1.0
1385,1386,5885,17,21,699943.96
1386,1387,57000,6,93,164983.68
1387,1388,5700,6,93,78214.94
1388,1389,5419,8,97,40935.69
1389,1390,5419,8,97,91924.3
1390,1391,5419,8,97,91651.56
1391,1392,5442,8,97,25000.0
1392,1393,5736,7,23,1.0
1393,1394,5400,8,97,151656.95
1394,1395,5009,14,10,1.0
1395,1396,5800,3,50,214631.25
1396,1397,5800,10,50,1.0
1397,1398,5525,10,95,1.0
1398,1399,5413,8,97,15000.0
1399,1400,5413,8,1,40060.6
1400,1401,5400,8,96,639435.89
1401,1402,5427,8,97,250000.0
1402,1403,5419,8,97,31273.6
1403,1404,5800,3,50,15006.33
1404,1405,5900,12,56,60479.0
1405,1406,5700,6,93,200000.0
1406,1407,5800,3,51,67470.75
1407,1408,5525,23,95,114966.72
1408,1409,5730,7,23,1.0
1409,1410,5523,23,95,80004.05
1410,1411,5427,8,97,43623.0
1411,1412,5800,10,50,1.0
1412,1413,5000,14,10,1.0
1413,1414,5009,14,10,75693.12
1414,1415,5883,2,42,1.0
1415,1416,5800,15,3,143733.05
1416,1417,5885,17,21,1.0
1417,1418,5900,12,56,19730.0
1418,1419,5807,16,88,329292.0
1419,1420,5519,23,95,26242.2
1420,1421,5800,10,1,1.0
1421,1422,5900,12,56,1.0
1422,1423,5017,14,10,1.0
1423,1424,5000,14,10,60000.0
1424,1425,5800,3,50,72598.2
1425,1426,5800,3,50,203705.33
1426,1427,5730,7,23,31946.22
1427,1428,5900,12,56,130819.0
1428,1429,5400,8,96,39041.0
1429,1430,5900,10,1,12210.0
1430,1431,5800,3,50,120864.24
1431,1432,5800,4,1,1000.0
1432,1433,6100,2,40,172238.0
1433,1434,5800,3,50,13385.0
1434,1435,5800,3,50,110480.68
1435,1436,5900,12,56,50000.0
1436,1437,5800,10,1,6331.0
1437,1438,5800,3,50,1.0
1438,1439,5009,14,10,1.0
1439,1440,5194,13,32,150222.98
1440,1441,5829,2,43,373685.16
1441,1442,5427,8,97,421939.8
1442,1443,5800,3,51,40256.14
1443,1444,5800,3,51,1.0
1444,1445,5900,12,56,1.0
1445,1446,6270,2,43,1.0
1446,1447,5730,7,23,24406.83
1447,1448,5935,16,81,12000.0
1448,1449,5843,2,41,1.0
1449,1450,5837,10,51,1.0
1450,1451,5008,14,10,58831.79
1451,1452,5800,3,51,144953.19
1452,1453,5900,12,56,107322.23
1453,1454,5800,3,50,1.0
1454,1455,6270,2,43,85908.95
1455,1456,5700,6,93,85259.4
1456,1457,6100,25,75,88255.93
1457,1458,5800,3,50,161698.97
1458,1459,5800,10,1,1777.0
1459,1460,5800,3,50,74796.06
1460,1461,5856,13,32,1.0
1461,1462,5004,14,10,40000.0
1462,1463,6360,13,90,140000.0
1463,1464,5800,3,50,18000.0
1464,1465,5903,12,56,30000.0
1465,1466,5800,10,1,1.0
1466,1467,5833,2,40,268147.06
1467,1468,5841,2,42,33912.0
1468,1469,5000,14,10,40000.0
1469,1470,5000,14,10,69931.32
1470,1471,5730,7,23,33619.0
1471,1472,5800,3,50,30000.0
1472,1473,5883,2,40,515164.05
1473,1474,16216,7,24,1005954.95
1474,1475,5186,14,30,97872.87
1475,1476,5425,8,97,171638.68
1476,1477,5700,6,93,50000.0
1477,1478,5196,13,32,103136.54
1478,1479,5147,14,10,1.0
1479,1480,5121,14,31,25112.81
1480,1481,5000,14,10,50000.0
1481,1482,5829,2,43,99480.23
1482,1483,5811,13,81,10000.0
1483,1484,5809,16,82,10000.0
1484,1485,5730,7,23,78558.1
1485,1486,6132,2,40,28000.0
1486,1487,5000,14,10,20000.0
1487,1488,5900,12,56,1.0
1488,1489,5931,12,57,42007.0
1489,1490,5800,10,1,15142.0
1490,1491,5800,10,1,20158.0
1491,1492,5800,3,50,1.0
1492,1493,5800,3,50,15000.0
1493,1494,5800,15,3,107160.8
1494,1495,5123,10,1,1.0
1495,1496,5800,3,50,221652.25
1496,1497,5427,8,97,239233.09
1497,1498,5825,3,50,116423.9
1498,1499,6120,2,40,296461.85
1499,1500,5903,12,56,24062.28
1500,1501,5411,8,96,73486.84
1501,1502,5927,16,82,67565.54
1502,1503,5891,17,19,5000.0
1503,1504,5413,8,97,378397.8
1504,1505,5730,7,23,30000.0
1505,1506,5411,10,97,1.0
1506,1507,5800,3,50,74026.42
1507,1508,5879,17,19,574459.35
1508,1509,5903,12,56,167069.65
1509,1510,5870,17,21,50000.0
1510,1511,1007,10,1,1.0
1511,1512,5870,17,21,5000.0
1512,1513,6200,10,1,992.0
1513,1514,5000,15,3,900000.0
1514,1515,5000,15,3,40000.0
1515,1516,5809,16,82,79387.28
1516,1517,5800,3,50,1.0
1517,1518,2580,12,55,1.0
1518,1519,5900,12,56,1.0
1519,1520,5817,13,80,22235.2
1520,1521,5903,12,56,27010.08
1521,1522,5800,3,50,160329.35
1522,1523,5800,9,100,0.0
1523,1524,6241,2,40,13220.22
1524,1525,5000,14,10,30000.0
1525,1526,5730,7,23,124034.4
1526,1527,5003,14,10,40861.15
1527,1528,5800,3,50,54551.31
1528,1529,5900,12,56,75925.03
1529,1530,5870,17,21,38975.35
1530,1531,2670,2,41,135903.91
1531,1532,6220,13,90,1.0
1532,1533,5900,12,56,203248.0
1533,1534,6216,7,24,250333.74
1534,1535,5001,14,10,74906.13
1535,1536,5014,14,10,35000.0
1536,1537,5700,6,93,54094.91
1537,1538,5001,14,10,50000.0
1538,1539,6330,18,15,1.0
1539,1540,5900,12,56,138954.67
1540,1541,5800,3,50,961588.86
1541,1542,5001,14,10,79296.44
1542,1543,5800,3,50,252033.43
1543,1544,5400,8,96,112756.55
1544,1545,5800,4,1,12093.0
1545,1546,5854,13,81,1.0
1546,1547,6103,25,75,35502.16
1547,1548,6380,13,90,87330.49
1548,1549,5001,10,1,1.0
1549,1550,5813,13,81,1.0
1550,1551,5413,8,97,38670.05
1551,1552,5400,8,97,26807.31
1552,1553,5003,14,10,30000.0
1553,1554,5189,14,30,100000.0
1554,1555,5850,16,81,124363.33
1555,1556,5850,16,81,42478.74
1556,1557,5850,16,81,98352.85
1557,1558,5800,9,100,0.0
1558,1559,6380,13,91,1.0
1559,1560,5380,10,1,1.0
1560,1561,6271,10,1,1.0
1561,1562,5777,2,40,364739.89
1562,1563,5400,8,96,231453.0
1563,1564,6360,13,90,50247.33
1564,1565,5800,3,50,1.0
1565,1566,5577,23,95,20000.0
1566,1567,5730,7,23,1.0
1567,1568,5813,13,81,173821.94
1568,1569,5800,3,50,30190.65
1569,1570,5800,15,3,25000.0
1570,1571,5800,3,50,73693.73
1571,1572,5800,3,50,40868.47
1572,1573,5800,3,50,183784.82
1573,1574,5805,3,52,31235.29
1574,1575,5009,14,10,30000.0
1575,1576,9120,10,1,40000.0
1576,1577,5800,10,1,4578.0
1577,1578,5856,13,32,1.0
1578,1579,5825,3,50,1.0
1579,1580,5196,13,32,117357.0
1580,1581,5800,15,3,30000.0
1581,1582,5012,14,10,52485.03
1582,1583,5800,3,50,1.0
1583,1584,5700,6,93,13388.44
1584,1585,5825,3,50,750164.74
1585,1586,5800,10,1,832.0
1586,1587,5186,14,30,436745.32
1587,1588,5841,9,100,0.0
1588,1589,5800,3,51,89695.6
1589,1590,5196,10,1,3587.0
1590,1591,5900,12,56,1.0
1591,1592,5900,12,56,335723.62
1592,1593,6300,22,16,1.0
1593,1594,5800,15,3,30000.0
1594,1595,5577,23,95,41900.38
1595,1596,5913,12,56,24722.89
1596,1597,5730,7,23,79393.59
1597,1598,5900,12,56,31199.51
1598,1599,5800,3,50,186349.07
1599,1600,5800,10,1,0.0
1600,1601,5800,3,51,88103.86
1601,1602,5900,12,56,24322.16
1602,1603,5800,9,100,0.0
1603,1604,5800,10,1,50000.0
1604,1605,5001,14,10,40000.0
1605,1606,6132,2,40,1.0
1606,1607,5885,10,1,1.0
1607,1608,5700,6,93,649076.41
1608,1609,5891,17,19,1.0
1609,1610,5870,17,21,40000.0
1610,1611,5800,15,3,60000.0
1611,1612,5900,12,56,96618.14
1612,1613,5000,14,10,138479.64
1613,1614,2600,10,1,1.0
1614,1615,6100,2,40,50000.0
1615,1616,5425,8,97,195599.78
1616,1617,5800,10,1,1.0
1617,1618,5875,17,19,201717.11
1618,1619,5809,13,83,1.0
1619,1620,5843,2,41,78297.14
1620,1621,5881,10,1,1.0
1621,1622,2600,19,98,1.0
1622,1623,6030,19,99,30000.0
1623,1624,6030,19,99,60000.0
1624,1625,2600,19,98,62193.91
1625,1626,5730,7,23,163622.35
1626,1627,2617,25,75,166299.0
1627,1628,6100,19,99,115562.12
1628,1629,5730,7,23,105418.82
1629,1630,5800,3,50,49442.89
1630,1631,6360,10,1,10683.0
1631,1632,2679,16,84,1.0
1632,1633,6070,19,99,289064.81
1633,1634,6078,19,99,100727.3
1634,1635,2613,25,75,188437.0
1635,1636,5813,13,80,39160.22
1636,1637,2117,19,99,68467.12
1637,1638,6070,19,99,1.0
1638,1639,5800,15,3,15000.0
1639,1640,2607,25,75,14641.0
1640,1641,6003,25,75,74568.49
1641,1642,5889,17,19,43.0
1642,1643,5730,7,23,1.0
1643,1644,6242,19,99,330236.05
1644,1645,2609,25,75,190000.0
1645,1646,2177,25,75,367181.0
1646,1647,5016,14,10,1.0
1647,1648,5800,3,50,1.0
1648,1649,2615,19,99,128706.58
1649,1650,6101,25,75,1.0
1650,1651,5800,15,3,30000.0
1651,1652,5800,10,1,0.0
1652,1653,2600,19,98,206880.06
1653,1654,5800,3,50,2564.0
1654,1655,5900,12,56,1.0
1655,1656,5800,9,100,0.0
1656,1657,5891,17,19,160125.0
1657,1658,4200,26,1,1.0
1658,1659,5000,15,3,3723911.75
1659,1660,2600,25,75,80000.0
1660,1661,5848,2,41,3000.0
1661,1662,5800,3,51,1.0
1662,1663,2609,25,75,20000.0
1663,1664,2611,19,99,63738.02
1664,1665,5000,14,10,34379.75
1665,1666,5000,10,1,1.0
1666,1667,2670,2,41,1.0
1667,1668,5152,14,11,50000.0
1668,1669,2729,25,75,116237.0
1669,1670,5800,3,50,1.0
1670,1671,6030,19,99,30000.0
1671,1672,5817,13,80,1.0
1672,1673,5800,3,51,1.0
1673,1674,5900,12,56,50169.76
1674,1675,5800,15,3,20000.0
1675,1676,5000,14,10,100000.0
1676,1677,5889,17,19,46091.94
1677,1678,6360,13,90,55085.99
1678,1679,5602,10,1,1.0
1679,1680,5800,10,1,1.0
1680,1681,6073,25,75,110841.0
1681,1682,5800,15,3,1000000.0
1682,1683,8400,10,1,1.0
1683,1684,5600,21,70,131369.71
1684,1685,6275,2,43,16317.24
1685,1686,5891,17,19,1.0
1686,1687,5152,14,11,30000.0
1687,1688,51891,13,32,1.0
1688,1689,5425,8,96,80000.0
1689,1690,5427,8,96,150000.0
1690,1691,5016,14,10,96942.53
1691,1692,5609,21,71,52221.75
1692,1693,5609,21,71,336939.69
1693,1694,5800,10,1,0.0
1694,1695,5000,14,10,145000.0
1695,1696,5632,21,71,249740.0
1696,1697,6365,13,90,375682.1
1697,1698,6030,19,99,25000.0
1698,1699,6030,19,99,121710.28
1699,1700,2609,19,99,60000.0
1700,1701,5700,6,93,24571.12
1701,1702,5620,21,71,373445.36
1702,1703,5602,21,71,53649.74
1703,1704,5600,21,70,1.0
1704,1705,5700,6,93,403862.35
1705,1706,5000,15,3,116222.64
1706,1707,2600,25,75,95681.0
1707,1708,5800,3,50,1.0
1708,1709,5800,15,3,1.0
1709,1710,5889,17,19,57622.06
1710,1711,5887,17,19,20000.0
1711,1712,5600,21,71,70000.0
1712,1713,2600,25,75,50000.0
1713,1714,5600,21,70,40000.0
1714,1715,5624,21,71,258877.94
1715,1716,6100,19,99,1.0
1716,1717,5800,3,50,99235.41
1717,1718,5000,10,1,1.0
1718,1719,5600,21,70,32690.43
1719,1720,5843,2,42,128873.9
1720,1721,5800,15,3,30000.0
1721,1722,5120,2,42,160181.51
1722,1723,58832,2,42,1.0
1723,1724,5800,15,3,1000.0
1724,1725,8400,10,85,50000.0
1725,1726,6360,13,90,128435.09
1726,1727,5940,12,58,1.0
1727,1728,5800,3,51,8010.0
1728,1729,5607,21,70,75028.99
1729,1730,5006,14,10,44748.34
1730,1731,5943,12,58,1.0
1731,1732,5800,10,1,66275.0
1732,1733,5943,12,58,35000.0
1733,1734,5730,7,23,48672.15
1734,1735,5600,21,70,50788.89
1735,1736,8402,22,86,1.0
1736,1737,5800,3,50,1.0
1737,1738,2677,16,82,1.0
1738,1739,5634,21,71,1.0
1739,1740,2600,19,99,280577.44
1740,1741,5800,3,50,1.0
1741,1742,5012,14,10,50000.0
1742,1743,2655,16,88,364380.92
1743,1744,5870,17,21,40000.0
1744,1745,5800,3,51,198347.52
1745,1746,5800,15,3,190468.0
1746,1747,5800,10,50,1.0
1747,1748,5700,6,93,193158.52
1748,1749,6120,2,42,64146.7
1749,1750,5800,3,50,68514.67
1750,1751,5700,6,93,110794.49
1751,1752,5800,3,51,70675.2
1752,1753,5800,10,1,140.0
1753,1754,5419,8,97,118980.48
1754,1755,5152,14,11,587634.0
1755,1756,2600,19,98,214846.2
1756,1757,5800,3,50,6000.0
1757,1758,6141,2,43,546633.87
1758,1759,5800,3,50,46646.71
1759,1760,5700,10,1,1.0
1760,1761,5800,3,50,1.0
1761,1762,5700,6,93,98037.98
1762,1763,5841,2,42,862396.43
1763,1764,6300,22,16,183851.21
1764,1765,5941,12,58,99819.11
1765,1766,5600,21,70,148755.36
1766,1767,5800,3,50,46735.68
1767,1768,5891,17,19,1.0
1768,1769,5700,6,93,129434.4
1769,1770,5425,8,97,18574.57
1770,1771,5800,10,1,215.0
1771,1772,5519,23,95,50000.0
1772,1773,5800,3,50,1.0
1773,1774,5800,3,50,137921.16
1774,1775,57000,6,93,50000.0
1775,1776,5903,12,56,1.0
1776,1777,5800,3,50,1.0
1777,1778,5609,21,71,26602.96
1778,1779,5400,8,96,120000.0
1779,1780,5889,17,19,167857.9
1780,1781,5800,3,50,1.0
1781,1782,5800,3,50,1.0
1782,1783,5903,12,56,35000.0
1783,1784,5120,2,42,746668.61
1784,1785,5400,8,97,35060.0
1785,1786,5800,10,50,8.0
1786,1787,5889,17,19,39109.99
1787,1788,5817,13,80,1.0
1788,1789,5800,3,50,1.0
1789,1790,5856,13,32,50000.0
1790,1791,5870,17,21,53901.11
1791,1792,2684,2,41,171329.6
1792,1793,5750,2,42,174334.47
1793,1794,5800,15,3,10000.0
1794,1795,5940,12,58,1.0
1795,1796,5800,3,50,340399.11
1796,1797,5941,12,58,1.0
1797,1798,5911,12,58,88556.36
1798,1799,5800,3,50,574660.52
1799,1800,5601,21,70,170327.72
1800,1801,6142,2,42,463437.33
1801,1802,5913,12,58,1.0
1802,1803,5943,12,58,281061.0
1803,1804,5943,12,58,68037.0
1804,1805,5881,2,40,554153.68
1805,1806,5000,14,10,264270.03
1806,1807,5800,3,50,398159.01
1807,1808,5425,8,97,80000.0
1808,1809,5941,10,1,1.0
1809,1810,5620,21,70,194758.0
1810,1811,5603,21,70,73850.17
1811,1812,6275,2,43,200000.0
1812,1813,5800,15,3,1000.0
1813,1814,2300,10,1,43833.0
1814,1815,5570,23,95,30000.0
1815,1816,5730,7,23,1.0
1816,1817,5624,21,71,49033.4
1817,1818,5803,2,41,90309.99
1818,1819,4200,26,4,50000.0
1819,1820,5903,12,56,113937.0
1820,1821,2600,19,98,40000.0
1821,1822,2624,16,84,1.0
1822,1823,5711,6,93,491896.7
1823,1824,5870,17,21,119667.0
1824,1825,5862,13,32,75215.5
1825,1826,5881,2,40,30111.0
1826,1827,4200,26,4,62406.55
1827,1828,5700,6,93,7930.0
1828,1829,5700,6,93,30000.0
1829,1830,5197,13,32,15000.0
1830,1831,5600,21,70,227357.01
1831,1832,4200,26,4,108009.0
1832,1833,5800,15,3,2308498.5
1833,1834,5620,21,71,56502.73
1834,1835,5000,14,10,1.0
1835,1836,5730,7,23,1.0
1836,1837,5014,14,10,40000.0
1837,1838,4200,26,4,23613.0
1838,1839,4200,26,4,1.0
1839,1840,5800,15,3,1000.0
1840,1841,5603,21,71,62340.62
1841,1842,4200,26,4,1.0
1842,1843,5800,15,3,10000.0
1843,1844,5730,7,23,135727.83
1844,1845,4200,26,4,125480.66
1845,1846,6140,2,43,55071.8
1846,1847,6300,22,16,20000.0
1847,1848,5000,14,10,125000.0
1848,1849,4200,26,4,90000.0
1849,1850,5900,12,56,1.0
1850,1851,5800,3,51,1.0
1851,1852,4200,26,4,143367.39
1852,1853,5600,21,70,26022.03
1853,1854,5811,13,80,280941.61
1854,1855,5940,12,58,71854.46
1855,1856,6070,19,99,1.0
1856,1857,5001,14,10,20000.0
1857,1858,5196,13,32,3381.0
1858,1859,5620,21,71,30000.0
1859,1860,5847,9,100,0.0
1860,1861,5800,15,3,93006.9
1861,1862,5800,10,1,2045.0
1862,1863,5829,2,41,37269.0
1863,1864,6271,2,43,134561.89
1864,1865,4300,26,4,34830.06
1865,1866,4300,26,4,1.0
1866,1867,6271,2,43,312937.58
1867,1868,4200,26,4,120264.54
1868,1869,5800,15,3,10000.0
1869,1870,4200,26,4,1.0
1870,1871,4200,26,4,109636.0
1871,1872,12407,10,1,1.0
1872,1873,4200,26,4,1.0
1873,1874,5900,12,56,50000.0
1874,1875,4200,26,4,31876.0
1875,1876,5800,15,3,20000.0
1876,1877,5800,3,50,1.0
1877,1878,5800,3,50,1.0
1878,1879,5800,10,1,1.0
1879,1880,57000,6,93,30000.0
1880,1881,6319,13,91,80434.32
1881,1882,5800,15,3,40386.85
1882,1883,5879,17,21,1.0
1883,1884,5730,7,23,308632.9
1884,1885,5196,13,32,74778.21
1885,1886,5730,7,23,129132.05
1886,1887,5770,10,1,1.0
1887,1888,5943,12,58,104407.0
1888,1889,2409,10,1,8095.0
1889,1890,5881,2,40,131060.51
1890,1891,5000,14,10,1.0
1891,1892,5800,10,1,23568.0
1892,1893,5624,21,71,78550.67
1893,1894,4300,26,4,200000.0
1894,1895,5400,8,96,138530.15
1895,1896,5400,8,96,315180.7
1896,1897,2607,19,99,120641.49
1897,1898,4300,26,4,1.0
1898,1899,5800,3,50,850386.78
1899,1900,4200,26,4,115176.18
1900,1901,4300,26,4,40000.0
1901,1902,5881,2,42,20000.0
1902,1903,5889,17,19,20000.0
1903,1904,15435,8,97,108092.15
1904,1905,5800,3,50,221246.46
1905,1906,5800,3,50,5413.5
1906,1907,5800,3,50,24173.59
1907,1908,5870,17,21,5000.0
1908,1909,5805,3,52,1.0
1909,1910,5194,13,32,973247.61
1910,1911,5870,17,21,71816.0
1911,1912,1640,15,3,15000.0
1912,1913,5624,21,71,245287.1
1913,1914,6271,2,43,95617.1
1914,1915,51871,12,55,1.0
1915,1916,5700,6,93,458.0
1916,1917,5800,3,51,87224.54
1917,1918,5700,6,93,153027.04
1918,1919,1414,9,1,0.0
1919,1920,6275,2,43,158920.8
1920,1921,5186,14,30,1.0
1921,1922,5900,12,56,171848.11
1922,1923,6200,13,90,1.0
1923,1924,5871,17,21,1.0
1924,1925,4300,26,4,1.0
1925,1926,5879,17,21,60816.14
1926,1927,5525,10,1,1.0
1927,1928,5800,3,50,61610.25
1928,1929,5800,3,50,1.0
1929,1930,5600,21,70,85234.29
1930,1931,2675,16,84,10000.0
1931,1932,5600,21,70,100000.0
1932,1933,5001,14,10,1.0
1933,1934,5817,13,80,1739.0
1934,1935,5016,14,10,20000.0
1935,1936,5730,7,23,30000.0
1936,1937,5800,10,1,8.0
1937,1938,5900,12,56,1.0
1938,1939,4200,26,4,40000.0
1939,1940,5016,14,10,40000.0
1940,1941,2600,19,98,76948.34
1941,1942,5900,12,56,82541.39
1942,1943,5730,7,23,1.0
1943,1944,5700,6,93,9000.0
1944,1945,5815,13,80,15000.0
1945,1946,5014,14,10,1.0
1946,1947,5870,17,21,51549.31
1947,1948,5750,2,42,49112.45
1948,1949,5900,10,1,1.0
1949,1950,2600,19,98,1.0
1950,1951,5730,7,23,1.0
1951,1952,5800,3,50,1.0
1952,1953,5119,14,10,30000.0
1953,1954,5010,14,10,125391.14
1954,1955,5972,12,55,18.0
1955,1956,5000,14,10,1.0
1956,1957,5827,2,43,489516.16
1957,1958,5800,15,3,15000.0
1958,1959,5730,7,23,30000.0
1959,1960,5000,15,3,900000.0
1960,1961,5016,14,10,40000.0
1961,1962,5800,3,51,219666.78
1962,1963,5413,8,97,50000.0
1963,1964,5000,14,10,108466.44
1964,1965,5800,3,50,1.0
1965,1966,5941,12,55,40000.0
1966,1967,6271,2,43,153038.45
1967,1968,5700,6,93,500301.15
1968,1969,5624,21,71,77043.58
1969,1970,5800,3,50,30000.0
1970,1971,5800,3,50,52553.8
1971,1972,2580,12,55,41986.95
1972,1973,5843,15,3,30000.0
1973,1974,2670,2,41,309482.69
1974,1975,5800,10,1,620.0
1975,1976,5800,3,50,253805.03
1976,1977,5700,6,93,8000.0
1977,1978,5001,14,10,35000.0
1978,1979,4155,12,57,1.0
1979,1980,5870,17,21,130638.03
1980,1981,5800,15,3,80000.0
1981,1982,5519,23,95,1.0
1982,1983,5800,10,1,8.0
1983,1984,5730,7,23,351998.04
1984,1985,6200,13,90,168417.99
1985,1986,2670,2,41,418776.6
1986,1987,16271,2,43,138955.41
1987,1988,6200,13,90,1.0
1988,1989,5196,13,32,1.0
1989,1990,5800,10,1,10837.0
1990,1991,5870,17,21,77129.09
1991,1992,5870,17,21,40000.0
1992,1993,5800,10,1,8509.0
1993,1994,5847,2,41,230666.86
1994,1995,5800,10,1,2397.0
1995,1996,5010,14,10,10000.0
1996,1997,6270,2,43,382911.42
1997,1998,6140,2,43,1.0
1998,1999,5870,17,21,16944.95
1999,2000,5847,2,41,224618.84
2000,2001,5825,6,93,945891.29
2001,2002,5577,23,95,109583.76
2002,2003,5841,2,42,53162.66
2003,2004,5847,9,100,0.0
2004,2005,5900,12,56,200000.0
2005,2006,5800,3,50,50000.0
2006,2007,5900,12,56,23662.0
2007,2008,5850,16,81,100000.0
2008,2009,5577,23,95,50000.0
2009,2010,5147,14,10,60000.0
2010,2011,2670,2,41,1.0
2011,2012,5105,14,10,35000.0
2012,2013,5903,12,56,92788.89
2013,2014,5019,14,10,30000.0
2014,2015,6271,3,50,1.0
2015,2016,5600,21,70,42725.94
2016,2017,5936,12,57,148542.86
2017,2018,4200,26,4,213724.0
2018,2019,5800,15,3,20000.0
2019,2020,6221,13,90,41347.2
2020,2021,5186,14,30,1.0
2021,2022,5570,23,95,23137.65
2022,2023,5577,23,95,65184.07
2023,2024,5800,10,1,6290.0
2024,2025,5800,10,1,0.0
2025,2026,5800,3,50,10005.0
2026,2027,5800,3,50,5000.0
2027,2028,5800,10,50,18575.0
2028,2029,5829,10,1,50000.0
2029,2030,4200,26,4,247553.88
2030,2031,5800,3,50,1.0
2031,2032,16216,7,24,57397.0
2032,2033,6200,13,90,10000.0
2033,2034,6070,25,75,1.0
2034,2035,5738,7,23,63459.11
2035,2036,5519,23,95,27192.58
2036,2037,4200,26,4,34235.0
2037,2038,4200,10,1,1.0
2038,2039,4200,26,4,93628.68
2039,2040,5862,13,32,40000.0
2040,2041,6300,22,16,308750.0
2041,2042,5864,13,32,32591.83
2042,2043,5886,17,21,160644.09
2043,2044,4200,26,4,88251.0
2044,2045,4200,26,4,196554.84
2045,2046,5848,2,41,14734.29
2046,2047,5000,14,10,198071.06
2047,2048,2568,12,55,195265.36
2048,2049,5800,3,51,51588.03
2049,2050,4200,26,4,1.0
2050,2051,4200,26,4,1.0
2051,2052,5800,15,3,150000.0
2052,2053,5833,13,80,244439.26
2053,2054,5800,3,50,10000.0
2054,2055,4200,26,4,55044.05
2055,2056,5000,15,3,466382.6
2056,2057,5600,21,70,1.0
2057,2058,5003,14,10,52960.96
2058,2059,4200,26,4,145691.65
2059,2060,2671,16,88,100000.0
2060,2061,2686,2,41,294759.01
2061,2062,5101,14,30,100000.0
2062,2063,6360,13,90,38850.6
2063,2064,6360,13,90,1.0
2064,2065,4200,26,4,82853.0
2065,2066,4200,26,4,43380.98
2066,2067,5620,21,71,1.0
2067,2068,4300,26,4,47494.86
2068,2069,5000,12,56,255691.15
2069,2070,5875,17,19,199858.81
2070,2071,5855,17,19,20000.0
2071,2072,5870,17,21,121668.7
2072,2073,4200,26,4,1.0
2073,2074,4200,26,4,236135.0
2074,2075,5879,17,19,331095.1
2075,2076,5800,3,50,1.0
2076,2077,5600,21,70,36888.0
2077,2078,5800,15,3,81083.64
2078,2079,5800,3,50,1.0
2079,2080,6273,2,43,183226.9
2080,2081,5602,21,70,93085.8
2081,2082,5730,7,23,1.0
2082,2083,6214,2,43,8000.0
2083,2084,5800,10,1,11.0
2084,2085,5900,12,56,1.0
2085,2086,4300,26,4,200000.0
2086,2087,2568,12,55,39174.68
2087,2088,5800,10,1,4167.0
2088,2089,5003,14,10,236051.17
2089,2090,5411,8,97,71745.63
2090,2091,51871,14,30,23191.49
2091,2092,5825,3,50,59369.66
2092,2093,6333,13,91,131779.71
2093,2094,4200,26,4,144197.27
2094,2095,2550,12,55,463.0
2095,2096,5870,17,21,86578.15
2096,2097,5984,12,56,0.0
2097,2098,6228,13,90,119943.2
2098,2099,5620,21,71,24325.0
2099,2100,5620,21,71,988986.15
2100,2101,5800,3,51,60865.41
2101,2102,5923,10,50,1.0
2102,2103,4200,26,4,63543.35
2103,2104,4300,26,4,93165.52
2104,2105,5800,3,50,1.0
2105,2106,2527,10,1,1.0
2106,2107,5800,10,1,61.0
2107,2108,5006,14,10,351396.97
2108,2109,5001,14,10,1.0
2109,2110,5805,3,52,35278.7
2110,2111,5936,12,57,39796.0
2111,2112,5000,14,10,30000.0
2112,2113,5700,6,93,118267.05
2113,2114,2677,16,88,1.0
2114,2115,5870,17,21,1.0
2115,2116,4200,26,4,30013.95
2116,2117,5600,21,70,59590.53
2117,2118,4200,26,4,148499.82
2118,2119,5600,21,70,24404.27
2119,2120,4200,26,4,412950.0
2120,2121,4200,26,4,1.0
2121,2122,5700,6,93,176970.98
2122,2123,4200,26,4,38526.0
2123,2124,5600,10,1,13773.0
2124,2125,5000,14,10,100000.0
2125,2126,5700,6,93,42092.34
2126,2127,4300,26,4,176679.6
2127,2128,4200,26,4,104045.63
2128,2129,5837,2,41,72453.28
2129,2130,5607,21,71,58596.27
2130,2131,5001,14,10,1.0
2131,2132,5900,12,56,1.0
2132,2133,5001,14,10,59347.02
2133,2134,2670,2,41,210571.81
2134,2135,5152,14,11,500000.0
2135,2136,5145,14,10,214661.92
2136,2137,4200,26,4,1.0
2137,2138,6140,2,43,208978.16
2138,2139,2451,10,55,5443.0
2139,2140,5000,14,10,100000.0
2140,2141,5730,7,23,105323.65
2141,2142,5879,17,19,590659.6
2142,2143,4300,26,4,54333.48
2143,2144,5186,14,30,100636.32
2144,2145,2670,2,41,364753.0
2145,2146,5815,13,80,62702.54
2146,2147,5800,15,3,100000.0
2147,2148,6300,10,1,1.0
2148,2149,5811,13,81,152805.96
2149,2150,5700,6,93,56092.56
2150,2151,5800,10,1,1.0
2151,2152,6360,13,90,1.0
2152,2153,5155,14,11,1.0
2153,2154,6360,13,90,1.0
2154,2155,5862,13,32,221562.66
2155,2156,6409,10,1,1.0
2156,2157,5800,3,50,1.0
2157,2158,5891,17,19,250978.91
2158,2159,5800,3,50,266894.58
2159,2160,5730,7,23,11389.0
2160,2161,2580,12,55,52263.0
2161,2162,5750,9,100,0.0
2162,2163,2550,12,55,1.0
2163,2164,5800,10,1,2391.0
2164,2165,5006,14,10,89932.02
2165,2166,5850,16,81,50000.0
2166,2167,5800,9,100,0.0
2167,2168,5006,14,10,1.0
2168,2169,5815,13,80,67540.95
2169,2170,5600,21,70,5909.0
2170,2171,5800,10,1,1.0
2171,2172,4200,26,4,1.0
2172,2173,5900,12,56,2013.0
2173,2174,5700,6,93,1.0
2174,2175,6300,22,16,283343.0
2175,2176,6300,22,16,81861.0
2176,2177,5800,10,1,566.0
2177,2178,5800,15,3,150000.0
2178,2179,5800,3,50,89196.0
2179,2180,6140,2,43,1.0
2180,2181,5829,2,43,260982.26
2181,2182,5800,3,50,1.0
2182,2183,5901,12,56,42391.88
2183,2184,6300,22,16,114105.36
2184,2185,6300,22,16,1.0
2185,2186,6300,22,16,59584.33
2186,2187,6326,22,16,118458.83
2187,2188,5850,16,81,1.0
2188,2189,5800,10,1,1.0
2189,2190,5800,10,1,1437.0
2190,2191,5870,17,21,1.0
2191,2192,6339,18,15,76274.77
2192,2193,5517,27,95,1.0
2193,2194,5600,21,70,65371.8
2194,2195,5911,12,58,97210.21
2195,2196,5800,3,50,71733.13
2196,2197,6300,22,91,333949.62
2197,2198,6303,22,91,1.0
2198,2199,6120,2,40,1.0
2199,2200,6308,22,91,73108.23
2200,2201,5539,23,95,1.0
2201,2202,8200,22,91,190818.81
2202,2203,5800,3,50,778251.87
2203,2204,8203,22,91,28436.79
2204,2205,8200,22,91,160750.77
2205,2206,5000,10,1,1.0
2206,2207,5800,3,50,114553.03
2207,2208,6200,13,90,785.0
2208,2209,6300,22,16,236883.4
2209,2210,5800,3,50,158223.42
2210,2211,2670,2,41,0.0
2211,2212,8206,22,91,433412.0
2212,2213,5800,3,50,1.0
2213,2214,5839,2,42,224033.03
2214,2215,8204,22,91,293016.0
2215,2216,5700,6,93,20000.0
2216,2217,5850,16,80,134302.75
2217,2218,5539,10,1,1.0
2218,2219,6309,22,91,30698.0
2219,2220,6409,18,15,183424.0
2220,2221,5800,10,1,1.0
2221,2222,5501,27,95,39107.95
2222,2223,5833,2,40,344456.42
2223,2224,5870,17,21,85726.54
2224,2225,5500,23,95,48349.15
2225,2226,5400,8,97,149465.29
2226,2227,6300,22,91,73511.44
2227,2228,6311,22,91,2790.0
2228,2229,5845,2,41,111630.3
2229,2230,5800,10,1,12126.0
2230,2231,5839,9,100,0.0
2231,2232,5730,7,23,391523.8
2232,2233,5817,13,80,8000.0
2233,2234,2686,2,41,65073.76
2234,2235,5800,9,100,0.0
2235,2236,5521,23,95,52202.0
2236,2237,2505,10,1,883.0
2237,2238,2550,12,55,133647.13
2238,2239,6300,22,91,294074.14
2239,2240,5500,23,95,1.0
2240,2241,5800,3,50,1.0
2241,2242,8208,22,91,200301.0
2242,2243,5709,6,93,61107.35
2243,2244,5809,16,82,146102.91
2244,2245,5864,13,32,10000.0
2245,2246,5186,14,30,15000.0
2246,2247,5194,13,32,74852.84
2247,2248,5805,9,100,0.0
2248,2249,6271,2,43,61919.15
2249,2250,5700,6,93,2265.0
2250,2251,5827,2,41,50000.0
2251,2252,5800,3,50,134584.07
2252,2253,5010,14,10,1.0
2253,2254,5800,10,1,29089.0
2254,2255,5800,3,51,320244.17
2255,2256,6300,22,91,173224.0
2256,2257,5817,13,80,487222.04
2257,2258,5186,14,30,76903.1
2258,2259,5500,23,95,1.0
2259,2260,5427,8,97,187445.0
2260,2261,5805,3,52,1.0
2261,2262,5800,10,2,1.0
2262,2263,5700,6,93,10000.0
2263,2264,5800,3,50,15000.0
2264,2265,5800,15,3,200000.0
2265,2266,5547,23,95,170850.6
2266,2267,5800,3,51,117046.44
2267,2268,5800,3,50,149534.63
2268,2269,5862,13,91,174546.45
2269,2270,5800,9,1,0.0
2270,2271,5800,3,50,56888.33
2271,2272,5700,6,93,85598.31
2272,2273,5700,6,93,2500.0
2273,2274,5870,17,21,12000.0
2274,2275,5800,9,100,0.0
2275,2276,5800,3,50,44621.33
2276,2277,5813,13,81,47096.67
2277,2278,5862,13,32,1.0
2278,2279,5501,23,95,1.0
2279,2280,6300,22,16,10000.0
2280,2281,5500,9,100,1.0
2281,2282,1431,9,100,0.0
2282,2283,5800,10,1,1.0
2283,2284,5800,9,1,0.0
2284,2285,5900,12,56,227893.81
2285,2286,6300,22,16,10000.0
2286,2287,2686,2,41,1.0
2287,2288,5800,3,50,1.0
2288,2289,5800,10,1,121.0
2289,2290,5841,2,41,10000.0
2290,2291,5800,10,1,136.0
2291,2292,5817,13,80,1028418.0
2292,2293,5800,9,100,0.0
2293,2294,2677,16,84,20000.0
2294,2295,5847,9,100,0.0
2295,2296,5014,9,100,0.0
2296,2297,5700,6,93,3000.0
2297,2298,2566,12,55,1.0
2298,2299,5879,17,19,70875.0
2299,2300,5700,6,93,4000.0
2300,2301,5800,9,100,0.0
2301,2302,5815,13,81,80000.0
2302,2303,5805,9,100,0.0
2303,2304,5848,2,41,332777.37
2304,2305,5835,9,1,0.0
2305,2306,5800,9,100,0.0
2306,2307,5800,9,100,0.0
2307,2308,8000,10,1,0.0
2308,2309,5419,8,97,61282.8
2309,2310,5501,23,95,1.0
2310,2311,6300,22,91,223303.7
2311,2312,6450,18,15,115667.37
2312,2313,5501,27,95,52022.38
2313,2314,6300,22,16,83394.81
2314,2315,5800,3,50,3628.4
2315,2316,5539,23,95,30631.86
2316,2317,5984,12,55,463065.68
2317,2318,5903,12,56,31949.0
2318,2319,6300,22,16,124292.05
2319,2320,6237,18,15,111026.32
2320,2321,6237,18,15,146175.12
2321,2322,5010,14,10,1.0
2322,2323,6300,22,91,24553.04
2323,2324,4200,26,4,113015.18
2324,2325,5501,23,95,57741.9
2325,2326,5539,23,95,60373.39
2326,2327,5700,6,93,88484.35
2327,2328,6381,13,90,79351.1
2328,2329,5500,23,95,26772.69
2329,2330,5519,23,95,32963.14
2330,2331,5500,23,95,36077.45
2331,2332,6409,18,15,88589.48
2332,2333,5511,27,95,61791.75
2333,2334,5511,23,95,1.0
2334,2335,1650,9,100,0.0
2335,2336,5539,23,95,1.0
2336,2337,6339,18,15,176215.88
2337,2338,6339,18,15,97566.3
2338,2339,6409,18,15,111784.17
2339,2340,6300,22,90,1.0
2340,2341,5539,23,95,42201.95
2341,2342,5531,23,95,149423.3
2342,2343,6300,22,91,1.0
2343,2344,5730,7,23,30000.0
2344,2345,5519,23,95,11438.33
2345,2346,4300,26,4,1.0
2346,2347,5519,23,95,97220.33
2347,2348,6300,22,16,1.0
2348,2349,6352,18,15,1.0
2349,2350,5800,3,50,1.0
2350,2351,5700,6,93,1.0
2351,2352,5507,23,95,66996.13
2352,2353,5700,6,93,1.0
2353,2354,5012,14,10,1.0
2354,2355,5700,6,93,57749.33
2355,2356,5800,3,50,73781.32
2356,2357,6321,13,90,17716.0
2357,2358,6346,18,15,153834.93
2358,2359,5501,23,95,145416.01
2359,2360,6405,18,15,242589.94
2360,2361,5547,23,95,1.0
2361,2362,6300,22,16,1.0
2362,2363,5800,9,100,0.0
2363,2364,6450,18,15,150462.59
2364,2365,5800,3,50,84096.03
2365,2366,6450,18,15,36436.0
2366,2367,6450,18,15,47892.31
2367,2368,6307,22,91,1.0
2368,2369,5539,23,95,72143.3
2369,2370,6300,22,91,1.0
2370,2371,6450,18,15,71987.69
2371,2372,6300,22,91,50497.2
2372,2373,6301,22,91,91435.0
2373,2374,5881,2,40,128075.18
2374,2375,6474,18,15,151569.33
2375,2376,6472,18,15,92023.98
2376,2377,8200,22,17,1.0
2377,2378,5539,23,95,24686.85
2378,2379,6100,19,99,157415.45
2379,2380,6424,18,15,140980.07
2380,2381,5541,23,95,1.0
2381,2382,5730,7,23,115614.5
2382,2383,5505,27,95,41574.38
2383,2384,5521,23,95,33632.69
2384,2385,6400,18,15,1.0
2385,2386,6300,22,91,1.0
2386,2387,5539,23,95,1.0
2387,2388,5519,23,95,82303.0
2388,2389,6409,18,15,65044.01
2389,2390,5519,23,95,24953.0
2390,2391,5800,10,1,6232.0
2391,2392,5700,6,93,177167.38
2392,2393,6301,22,17,95075.57
2393,2394,6400,18,15,1.0
2394,2395,5539,23,95,1.0
2395,2396,6400,18,15,92546.9
2396,2397,5539,23,95,80130.51
2397,2398,5500,23,95,45166.78
2398,2399,6300,22,17,1.0
2399,2400,6389,7,23,1.0
2400,2401,5511,27,95,1.0
2401,2402,6277,7,23,1.0
2402,2403,6400,18,15,77173.88
2403,2404,5800,9,100,1.0
2404,2405,5800,9,100,1.0
2405,2406,5519,23,95,47315.3
2406,2407,5539,23,95,34063.4
2407,2408,4200,26,4,58304.5
2408,2409,5507,27,95,62098.0
2409,2410,5539,23,95,18178.65
2410,2411,6403,18,15,105894.33
2411,2412,6237,18,15,152810.98
2412,2413,5501,27,95,25757.08
2413,2414,5800,15,3,100000.0
2414,2415,5539,23,95,57939.88
2415,2416,6313,22,17,1.0
2416,2417,5539,23,95,1.0
2417,2418,5000,14,10,188920.46
2418,2419,6409,18,15,1.0
2419,2420,5800,9,100,0.0
2420,2421,6409,18,15,1.0
2421,2422,5700,6,93,1.0
2422,2423,5602,21,70,1.0
2423,2424,5519,23,95,23875.5
2424,2425,5501,23,95,58491.0
2425,2426,5700,6,93,80822.42
2426,2427,6300,22,16,45948.3
2427,2428,5400,8,97,1.0
2428,2429,6311,22,17,55648.68
2429,2430,6311,22,16,1.0
2430,2431,6339,18,15,27409.0
2431,2432,5000,14,10,303385.08
2432,2433,6348,22,17,1.0
2433,2434,5701,6,93,1.0
2434,2435,5700,6,93,49403.0
2435,2436,5700,10,1,1.0
2436,2437,5519,23,95,52672.7
2437,2438,5525,23,95,22035.65
2438,2439,5800,3,51,1.0
2439,2440,4208,26,4,1.0
2440,2441,4200,26,4,53323.0
2441,2442,5903,12,56,31553.5
2442,2443,2580,12,55,90749.34
2443,2444,5186,14,30,1.0
2444,2445,5800,3,50,308612.52
2445,2446,2568,12,56,211948.4
2446,2447,6409,18,15,282985.63
2447,2448,5805,3,52,165520.16
2448,2449,5600,21,71,49848.93
2449,2450,6380,13,90,1.0
2450,2451,6127,2,43,169602.13
2451,2452,5539,23,95,1.0
2452,2453,5511,27,95,1.0
2453,2454,6300,22,16,67309.06
2454,2455,5700,6,93,85664.0
2455,2456,6200,13,90,20496.02
2456,2457,5547,23,95,126635.36
2457,2458,5523,23,95,31641.33
2458,2459,5701,6,93,1.0
2459,2460,5539,23,95,52513.2
2460,2461,5519,23,95,1.0
2461,2462,6120,10,1,3435.0
2462,2463,5600,21,70,252522.0
2463,2464,6300,22,16,169594.0
2464,2465,5519,23,95,30658.23
2465,2466,6339,18,15,101403.26
2466,2467,5600,21,71,100349.47
2467,2468,6360,13,90,141642.52
2468,2469,5809,16,82,1.0
2469,2470,5800,15,3,64168.45
2470,2471,5800,9,100,1.0
2471,2472,5521,23,95,40973.38
2472,2473,5539,23,95,1.0
2473,2474,5539,23,95,1.0
2474,2475,6339,18,15,1.0
2475,2476,2650,2,41,1.0
2476,2477,5700,6,93,102539.07
2477,2478,5513,23,95,78178.1
2478,2479,6472,18,15,60198.87
2479,2480,6303,22,95,1.0
2480,2481,5600,21,70,244630.3
2481,2482,6474,18,15,116529.76
2482,2483,5501,27,95,1.0
2483,2484,6300,22,17,1.0
2484,2485,5400,8,96,14329.0
2485,2486,5427,8,97,128817.71
2486,2487,5547,23,95,107366.18
2487,2488,5800,3,51,41059.76
2488,2489,6361,13,92,1.0
2489,2490,6450,18,15,70204.0
2490,2491,5800,15,3,500000.0
2491,2492,5847,9,100,0.0
2492,2493,6300,22,17,1.0
2493,2494,4200,26,4,80840.93
2494,2495,8200,22,17,77460.31
2495,2496,5507,23,95,206964.55
2496,2497,5539,23,95,200846.34
2497,2498,5500,23,95,74298.73
2498,2499,5501,27,95,1.0
2499,2500,5507,23,95,37698.55
2500,2501,5519,23,95,15050.28
2501,2502,6300,22,17,31250.13
2502,2503,5500,23,95,1.0
2503,2504,6239,18,15,1.0
2504,2505,5710,6,93,42381.0
2505,2506,8214,22,17,181836.53
2506,2507,5700,6,93,1.0
2507,2508,6214,13,90,786464.14
2508,2509,5521,23,95,1.0
2509,2510,5521,23,95,1.0
2510,2511,5539,23,95,81927.58
2511,2512,6300,22,17,37069.47
2512,2513,6303,22,17,1.0
2513,2514,5501,27,95,76136.9
2514,2515,5521,23,95,1.0
2515,2516,6409,18,15,1.0
2516,2517,8208,22,17,138781.0
2517,2518,5800,3,50,360583.94
2518,2519,5709,6,93,1.0
2519,2520,5519,23,95,1.0
2520,2521,5700,6,93,1.0
2521,2522,5738,7,23,135048.96
2522,2523,4200,26,4,49431.95
2523,2524,5700,6,93,119024.27
2524,2525,6352,18,15,94337.71
2525,2526,6400,18,15,1.0
2526,2527,5501,23,95,332637.47
2527,2528,5525,23,95,370190.54
2528,2529,5870,17,21,1.0
2529,2530,5800,10,1,0.0
2530,2531,2624,9,100,0.0
2531,2532,6335,18,15,54689.72
2532,2533,5864,13,32,72017.0
2533,2534,6307,22,17,195160.9
2534,2535,5800,3,51,163886.46
2535,2536,6400,18,15,32611.51
2536,2537,8307,22,17,1267893.08
2537,2538,2624,9,100,1.0
2538,2539,5829,9,100,1.0
2539,2540,6300,22,17,175061.66
2540,2541,5800,10,1,9324.0
2541,2542,5521,23,95,1.0
2542,2543,4200,26,4,1.0
2543,2544,4206,26,4,1.0
2544,2545,5523,23,95,20674.1
2545,2546,5800,3,50,7092.0
2546,2547,4300,26,4,77804.35
2547,2548,5900,12,56,665193.39
2548,2549,5730,7,23,1.0
2549,2550,5500,23,95,33154.0
2550,2551,5400,8,97,13027.0
2551,2552,5505,23,95,174137.0
2552,2553,5620,21,70,203552.31
2553,2554,5539,23,95,2081.0
2554,2555,5501,23,95,35048.9
2555,2556,5700,6,93,310377.46
2556,2557,5501,23,95,115623.0
2557,2558,4200,26,4,14426.78
2558,2559,6330,18,15,125511.0
2559,2560,6360,13,90,1.0
2560,2561,4200,26,4,1.0
2561,2562,5700,6,93,113064.1
2562,2563,6409,18,15,271970.53
2563,2564,5841,9,100,0.0
2564,2565,5800,9,1,0.0
2565,2566,5847,9,100,0.0
2566,2567,6237,18,15,173730.5
2567,2568,6237,18,15,93493.17
2568,2569,5903,12,56,76051.41
2569,2570,5800,9,100,0.0
2570,2571,5800,10,1,6272.0
2571,2572,5825,3,2,96774.0
2572,2573,5710,6,93,73756.0
2573,2574,5600,21,70,85259.38
2574,2575,6400,18,15,109466.0
2575,2576,4300,26,4,147733.0
2576,2577,5539,23,95,151176.0
2577,2578,6400,18,15,132775.0
2578,2579,6400,18,15,143128.76
2579,2580,6450,18,15,87477.03
2580,2581,5700,6,93,560272.32
2581,2582,6200,13,90,139981.18
2582,2583,5539,23,95,16410.87
2583,2584,5199,13,32,332111.69
2584,2585,5800,3,51,25906.0
2585,2586,5009,14,10,1.0
2586,2587,4300,26,4,64480.0
2587,2588,8201,22,16,102131.0
2588,2589,5800,15,3,1.0
2589,2590,1686,9,100,0.0
2590,2591,5800,15,3,1000000.0
2591,2592,4200,26,4,1.0
2592,2593,8201,22,17,199134.78
2593,2594,8201,22,17,53104.0
2594,2595,5800,10,1,5509.0
2595,2596,4200,26,4,1.0
2596,2597,4200,26,4,50641.5
2597,2598,4300,26,4,1.0
2598,2599,8307,22,17,101492.11
2599,2600,8201,22,17,1.0
2600,2601,6360,13,90,106085.15
2601,2602,6409,18,15,100494.35
2602,2603,5519,23,95,248047.43
2603,2604,5800,10,1,3052.0
2604,2605,5800,10,1,2939.0
2605,2606,4200,26,4,25390.0
2606,2607,5800,3,50,210339.77
2607,2608,5507,23,95,173282.22
2608,2609,5870,17,21,118398.88
2609,2610,8208,22,16,63310.55
2610,2611,5600,21,70,57664.98
2611,2612,6339,18,15,53521.0
2612,2613,5577,23,1,144524.4
2613,2614,5862,13,32,492277.29
2614,2615,4200,26,4,42345.08
2615,2616,4200,26,4,69339.0
2616,2617,6203,13,90,162509.0
2617,2618,4300,26,4,23091.0
2618,2619,4200,26,4,106984.63
2619,2620,5539,23,95,22520.68
2620,2621,5829,3,50,14432.0
2621,2622,6530,18,15,1.0
2622,2623,4300,26,4,255923.92
2623,2624,4300,26,4,1.0
2624,2625,5800,9,100,1.0
2625,2626,5800,9,100,1.0
2626,2627,5800,10,1,2757.0
2627,2628,5511,27,95,19710.58
2628,2629,5006,14,10,1.0
2629,2630,6300,22,16,1.0
2630,2631,6330,18,15,1.0
2631,2632,5507,27,95,1.0
2632,2633,4200,26,4,21780.6
2633,2634,5773,2,40,96961.65
2634,2635,6383,13,90,183966.65
2635,2636,5001,14,10,937565.0
2636,2637,5800,9,100,6676.0
2637,2638,5517,27,95,16414.73
2638,2639,2624,9,100,0.0
2639,2640,5521,23,95,1.0
2640,2641,5800,15,3,52931.34
2641,2642,2580,12,55,213068.03
2642,2643,5800,10,1,8851.0
2643,2644,5600,21,70,82199.79
2644,2645,4200,26,4,176797.0
2645,2646,4200,26,4,49032.0
2646,2647,4200,26,4,127807.0
2647,2648,5870,17,21,97960.09
2648,2649,8201,22,17,237531.0
2649,2650,8201,22,17,202505.55
2650,2651,6120,2,42,193890.93
2651,2652,6400,18,15,110198.34
2652,2653,5186,14,10,203551.27
2653,2654,5862,13,32,10191.0
2654,2655,5189,13,32,28193.0
2655,2656,5600,21,70,148736.66
2656,2657,5000,14,10,182251.11
2657,2658,5507,23,95,16338.0
2658,2659,5419,8,97,205849.0
2659,2660,5800,10,1,202.0
2660,2661,5535,23,95,28326.48
2661,2662,5521,23,95,61665.0
2662,2663,5400,8,96,88274.55
2663,2664,5800,10,1,1.0
2664,2665,6300,22,16,37268.0
2665,2666,5500,23,95,26605.0
2666,2667,6127,9,100,0.0
2667,2668,5831,2,40,75638.99
2668,2669,5000,12,56,94549.67
2669,2670,4200,26,4,127041.87
2670,2671,5400,8,97,468494.0
2671,2672,5501,23,95,22381.48
2672,2673,5700,6,93,73222.97
2673,2674,5427,8,97,141255.0
2674,2675,5189,14,10,55884.6
2675,2676,5864,13,32,43607.25
2676,2677,5501,27,95,1.0
2677,2678,8201,22,17,27252.0
2678,2679,4200,26,4,346560.0
2679,2680,5879,17,21,22691.0
2680,2681,5500,23,95,24024.0
2681,2682,5847,9,100,1.0
2682,2683,4200,26,4,66428.0
2683,2684,5870,17,21,101676.32
2684,2685,8201,22,16,61428.0
2685,2686,5413,8,97,148727.15
2686,2687,8307,22,17,102232.0
2687,2688,5006,14,10,99116.13
2688,2689,6221,13,91,92959.94
2689,2690,4200,26,4,268342.8
2690,2691,4300,26,4,75141.95
2691,2692,5012,14,10,120284.71
2692,2693,2670,9,100,1.0
2693,2694,2670,9,100,1.0
2694,2695,4300,26,4,375974.0
2695,2696,5519,23,95,29359.0
2696,2697,5501,27,95,10182.0
2697,2698,5186,14,10,64090.1
2698,2699,6300,22,16,59996.0
2699,2700,5800,9,100,1.0
2700,2701,5600,21,70,202189.16
2701,2702,6424,18,15,32454.0
2702,2703,5929,16,83,195418.37
2703,2704,5519,23,95,116803.3
2704,2705,4200,26,4,109255.0
2705,2706,4200,26,4,351585.0
2706,2707,2603,19,98,38468.37
2707,2708,5700,6,93,75447.49
2708,2709,5700,6,93,287013.0
2709,2710,5800,10,1,19233.0
2710,2711,5600,21,70,70772.62
2711,2712,5900,12,56,109665.15
2712,2713,5817,13,80,25964.0
2713,2714,5800,15,3,100000.0
2714,2715,5809,16,2,69956.62
2715,2716,5620,21,71,141340.05
2716,2717,5700,6,93,190060.44
2717,2718,5800,16,82,13497.0
2718,2719,5900,12,56,323638.41
2719,2720,5500,9,100,0.0
2720,2721,5800,10,1,6980.0
2721,2722,5800,10,1,22266.0
2722,2723,5982,16,82,111453.31
2723,2724,5800,10,1,2944.0
2724,2725,5879,17,19,64811.78
2725,2726,5800,10,1,2619.0
2726,2727,5600,21,70,31597.6
2727,2728,5019,14,10,208491.37
2728,2729,6339,18,15,19127.1
2729,2730,5730,7,23,324873.8
2730,2731,5355,10,1,234840.0
2731,2732,4200,26,4,128847.73
2732,2733,5900,12,56,53638.06
2733,2734,6239,18,15,94759.15
2734,2735,6120,9,100,1.0
2735,2736,5000,14,10,162371.72
2736,2737,5539,23,95,13748.18
2737,2738,5533,23,95,22357.98
2738,2739,5831,2,40,346422.36
2739,2740,1431,15,3,231387.1
2740,2741,5003,9,100,1.0
2741,2742,6200,13,90,39024.35
2742,2743,5856,13,32,818651.0
2743,2744,5700,6,93,132901.5
2744,2745,6120,9,100,1.0
2745,2746,4200,26,4,10872.83
2746,2747,4200,26,4,169211.0
2747,2748,5800,3,51,61988.0
2748,2749,5730,7,23,28902.85
2749,2750,2134,9,100,1.0
2750,2751,5620,21,71,135080.0
2751,2752,5800,9,100,0.0
2752,2753,2553,16,84,92076.12
2753,2754,5929,9,100,0.0
2754,2755,5730,7,23,74029.55
2755,2756,5539,23,95,74238.03
2756,2757,5800,10,1,11626.0
2757,2758,5539,23,95,16264.93
2758,2759,5805,3,52,219951.36
2759,2760,5800,10,1,1371.0
2760,2761,5800,10,1,1.0
2761,2762,5730,7,23,274641.39
2762,2763,5435,8,97,35682.33
2763,2764,6330,18,15,120038.67
2764,2765,5800,10,1,15000.0
2765,2766,5000,10,1,14587.0
2766,2767,5847,9,100,0.0
2767,2768,2572,12,56,54126.89
2768,2769,2732,25,75,285521.65
2769,2770,5600,21,70,41062.83
2770,2771,5800,9,100,0.0
2771,2772,5885,17,19,1.0
2772,2773,5800,3,51,42095.34
2773,2774,5825,3,50,43949.17
2774,2775,5800,10,1,48130.0
2775,2776,5700,6,93,171312.57
2776,2777,5511,21,70,3694.27
2777,2778,5570,23,95,302422.12
2778,2779,4200,26,4,72152.0
2779,2780,2121,9,100,0.0
2780,2781,5833,2,40,677011.87
2781,2782,5777,2,40,87427.98
2782,2783,5001,14,10,43537.0
2783,2784,3760,26,4,221512.0
2784,2785,5600,21,70,75248.0
2785,2786,5800,3,50,18729.58
2786,2787,6346,18,15,110013.76
2787,2788,5800,3,50,1032750.0
2788,2789,5700,6,93,81720.0
2789,2790,5413,8,97,51822.0
2790,2791,5523,23,95,46762.0
2791,2792,5800,10,1,1.0
2792,2793,5800,3,51,622848.0
2793,2794,5008,14,10,751845.0
2794,2795,4200,26,4,188014.0
2795,2796,5881,2,40,1.0
2796,2797,6300,22,16,134573.0
2797,2798,5519,23,95,1.0
2798,2799,6315,22,16,1.0
2799,2800,5900,12,56,1.0
2800,2801,5800,10,1,1.0
2801,2802,5525,23,95,1.0
2802,2803,5521,23,95,1.0
2803,2804,5870,17,21,1.0
2804,2805,5800,15,3,3500000.0
2805,2806,5903,12,56,1.0
2806,2807,2657,16,87,1.0
2807,2808,5521,23,95,1.0
2808,2809,5519,23,95,1.0
2809,2810,5519,23,95,1.0
2810,2811,5800,10,1,1.0
2811,2812,5730,7,23,1.0
2812,2813,5800,3,51,1.0
2813,2814,5870,17,21,1.0
2814,2815,5519,23,95,1.0
2815,2816,5870,17,1,1.0
2816,2817,6009,19,98,1.0
2817,2818,5850,16,84,1.0
2818,2819,5829,2,41,1.0
2819,2820,5800,10,1,1.0
2820,2821,5710,9,100,0.0
2821,2822,6300,22,16,1.0
2822,2823,6360,13,91,1.0
2823,2824,5500,23,95,1.0
2824,2825,5189,14,30,1.0
2825,2826,5879,17,21,1.0
2826,2827,5829,2,43,1.0
2827,2828,5800,15,3,20000000.0
2828,2829,5700,6,93,1.0
2829,2830,5800,6,1,1.0
2830,2831,5800,3,50,1.0
2831,2832,2600,25,75,1.0
2832,2833,5400,8,97,1.0
2833,2834,2600,10,1,1.0
2834,2835,2600,25,75,1.0
2835,2836,5800,10,1,1.0
2836,2837,2630,25,75,1.0
2837,2838,3714,26,4,1.0
2838,2839,6300,22,16,1.0
2839,2840,5809,16,88,1.0
2840,2841,5800,3,50,1.0
2841,2842,5900,12,56,1.0
2842,2843,5600,21,71,1.0
2843,2844,8316,22,17,1.0
2844,2845,2622,25,75,1.0
2845,2846,5800,3,51,1.0
2846,2847,5800,3,51,1.0
2847,2848,6132,13,81,1.0
2848,2849,2725,25,75,1.0
2849,2850,5800,3,51,1.0
2850,2851,2720,25,75,1.0
2851,2852,5730,7,23,1.0
2852,2853,6300,22,16,1.0
2853,2854,2600,25,75,1.0
2854,2855,5700,6,93,1.0
2855,2856,5870,17,21,1.0
2856,2857,5700,6,93,1.0
2857,2858,5700,6,93,1.0
2858,2859,6009,25,75,1.0
2859,2860,5800,10,1,1.0
2860,2861,6009,25,75,1.0
2861,2862,8332,22,17,1.0
2862,2863,5870,17,19,1.0
2863,2864,5186,14,30,1.0
2864,2865,2601,25,75,1.0
2865,2866,5186,14,30,1.0
2866,2867,5501,27,5,1.0
2867,2868,5513,27,5,1.0
2868,2869,5560,27,5,1.0
2869,2870,5000,14,10,1.0
2870,2871,6100,25,75,1.0
2871,2872,5567,27,5,1.0
2872,2873,6100,25,75,1.0
2873,2874,5560,27,5,1.0
2874,2875,5870,17,21,1.0
2875,2876,5561,27,5,1.0
2876,2877,5561,27,5,1.0
2877,2878,5501,27,5,1.0
2878,2879,5800,10,1,1.0
2879,2880,2600,25,75,1.0
2880,2881,2600,25,75,1.0
2881,2882,5186,14,30,1.0
2882,2883,5800,3,50,1.0
2883,2884,5620,21,70,1.0
2884,2885,6220,13,90,1.0
2885,2886,5519,23,95,1.0
2886,2887,6300,22,16,1.0
2887,2888,5870,17,21,1.0
2888,2889,2624,25,75,1.0
2889,2890,5862,13,32,1.0
2890,2891,5000,14,10,1.0
2891,2892,5600,21,71,1.0
2892,2893,5515,23,95,1.0
2893,2894,2607,25,75,1.0
2894,2895,1625,10,1,1.0
2895,2896,4300,26,4,1.0
2896,2897,5547,27,5,1.0
2897,2898,1005,18,15,1.0
2898,2899,1003,18,15,1.0
2899,2900,5501,27,5,1.0
2900,2901,2000,25,75,1.0
2901,2902,5501,27,5,1.0
2902,2903,2600,25,75,1.0
2903,2904,2600,25,75,1.0
2904,2905,2613,25,75,1.0
2905,2906,2732,25,75,1.0
2906,2907,5900,12,56,1.0
2907,2908,5511,27,5,1.0
2908,2909,5800,10,1,1.0
2909,2910,5862,13,32,1.0
2910,2911,2732,25,75,1.0
2911,2912,6450,18,15,1.0
2912,2913,6220,13,17,1.0
2913,2914,5800,3,50,1.0
2914,2915,2600,25,75,1.0
2915,2916,2600,25,75,1.0
2916,2917,6221,13,16,1.0
2917,2918,6330,18,15,1.0
2918,2919,5800,3,51,1.0
2919,2920,5800,10,1,1.0
2920,2921,2600,25,75,1.0
2921,2922,6369,13,17,1.0
2922,2923,5539,23,95,1.0
2923,2924,2173,25,75,1.0
2924,2925,2173,25,75,1.0
2925,2926,5800,3,51,1.0
2926,2927,5800,10,1,1.0
2927,2928,5800,10,1,1.0
2928,2929,5600,21,70,1.0
2929,2930,6450,18,15,1.0
2930,2931,6455,18,15,1.0
2931,2932,6455,18,15,1.0
2932,2933,6455,18,15,1.0
2933,2934,2617,25,75,1.0
2934,2935,5561,27,5,1.0
2935,2936,5501,27,5,1.0
2936,2937,6100,25,75,1.0
2937,2938,2720,25,75,1.0
2938,2939,2720,25,75,1.0
2939,2940,5833,2,40,1.0
2940,2941,6450,18,15,1.0
2941,2942,4300,26,4,1.0
2942,2943,5885,17,21,1.0
2943,2944,5189,14,30,1.0
2944,2945,5885,17,21,1.0
2945,2946,2587,16,84,1.0
2946,2947,6321,13,90,1.0
2947,2948,5889,17,21,1.0
2948,2949,2580,17,21,1.0
2949,2950,5891,17,21,1.0
2950,2951,5885,17,19,1.0
2951,2952,5870,17,19,1.0
2952,4582,5800,9,100,0.0
2953,6947,5829,2,41,20000.0
2954,6948,5700,9,100,0.0
2955,6950,5800,10,1,7.0
2956,6951,5800,9,100,0.0
2957,6956,5871,17,21,25000.0
2958,6957,5730,9,100,0.0
2959,6960,5750,9,100,0.0
2960,6963,5700,6,93,519.0
2961,6964,5700,6,93,10000.0
2962,6965,5800,9,100,0.0
2963,6966,5843,9,100,0.0
2964,6970,5870,17,21,15000.0
2965,6971,5800,3,50,352821.23
2966,6972,1657,9,100,0.0
2967,6979,5730,7,23,30000.0
2968,6980,5800,9,100,0.0
2969,6981,5730,7,23,50000.0
2970,6982,5847,9,100,0.0
2971,6983,6271,9,100,0.0
2972,6985,5730,7,23,133165.15
2973,6986,5833,13,80,57115.0
2974,6987,5847,9,100,0.0
2975,6988,5889,17,19,1.0
2976,6989,5800,9,1,0.0
2977,6990,5700,6,93,40000.0
2978,6991,5800,3,50,14475.71
2979,6992,5800,10,1,1.0
2980,6993,8201,9,100,0.0
2981,6994,5700,9,100,1.0
2982,6995,6275,2,43,144236.09
2983,6996,5841,9,100,0.0
2984,6998,5800,3,50,62020.0
2985,6999,5800,9,1,0.0
2986,8000,5800,9,100,1.0
2987,8001,1804,9,100,0.0
2988,8010,8201,9,100,0.0
2989,8100,5800,9,1,0.0
2990,8130,5825,9,100,0.0
2991,8235,1425,9,1,0.0
2992,8260,5800,9,100,0.0
2993,8265,5800,9,100,0.0
2994,8270,5800,9,1,0.0
2995,8400,5847,9,100,0.0
2996,8450,2627,9,100,0.0
2997,8500,5800,10,1,1.0
2998,8501,5800,9,100,0.0
2999,8560,2000,9,100,0.0
3000,8700,5847,9,100,0.0
3001,8750,1627,9,100,0.0
3002,8760,2732,9,100,0.0
3003,9000,5800,9,1,1.0
3004,9105,5807,9,1,0.0
3005,9200,5847,9,100,0.0
3006,9280,5811,9,100,0.0
3007,9570,5800,9,100,0.0
3008,9580,5008,9,100,0.0
3009,9999,5800,10,1,1.0
3010,10000,5800,2,1,1.0
3011,10001,5800,2,1,1.0
3012,10006,5800,10,1,149.0
3013,10007,16271,2,43,72554.41
3014,10008,5800,9,1,0.0
3015,10066,5805,3,52,58590.54
3016,10068,5800,9,100,0.0
3017,10070,5700,6,93,100000.0
3018,10071,5800,9,100,0.0
3019,10072,5800,9,1,0.0
3020,10080,5823,9,100,0.0
3021,100067,5805,9,100,0.0
3022,100080,5847,9,1,0.0
3023,100748,5800,3,50,68524.49
3024,100749,5800,3,50,1.0
3025,100750,5800,3,51,1.0
